Pl.,Bib,Name,Sx,Cat,Age,City,State,Hidden Treasure [12.9],Bumble Bee [19.4],Soap Creek [31.2],BCC [37.4],Cottonwood Gulch [46.2],Table Mesa [50.9],Doe Spring [58.6],Time,Chip time  ,Avg,By cat.
1,686,Hawks Hayden,Male,20-29,,,UT,1:21:00,2:03:59,3:32:33,4:22:39,5:38:34,6:23:52,7:30:25,7:55:33,7:54:01,7:39,1
2,544,Ware Charlie,Male,30-39,,,AZ,1:24:17,2:09:15,3:38:26,4:29:53,5:51:19,6:36:09,7:49:44,8:19:27,8:17:54,8:02,1
3,743,Cardin Elliot,Male,20-29,,,QC,1:25:04,2:11:16,3:45:08,4:38:01,5:58:55,6:43:41,7:52:32,8:19:35,8:18:02,8:02,2
4,189,Cook Benjamin,Male,40-49,,,AZ,1:31:01,2:20:18,4:02:35,4:58:42,6:21:18,7:05:05,,8:55:41,8:53:47,8:37,1
5,727,HAYNES Jesse,Male,40-49,,,CA,1:31:08,2:21:08,3:59:46,4:56:57,6:24:52,7:12:00,8:29:17,9:00:23,8:58:35,8:42,2
6,265,Ferrara Yew,Male,30-39,,,CA,1:29:09,2:17:25,3:58:33,4:55:07,6:20:39,7:11:14,8:33:26,9:04:18,9:02:41,8:46,2
7,461,Brown Trueheart,Male,30-39,,,AZ,1:24:42,2:10:15,4:11:50,5:07:42,6:34:15,7:22:16,8:39:43,9:09:11,9:07:30,8:50,3
8,106,Atkins Benjamin,Male,40-49,,,CA,1:32:36,2:22:22,4:06:07,5:03:43,6:32:07,7:21:29,,9:09:37,9:07:49,8:51,3
9,159,Cardoza Jesse,Male,20-29,,,CA,1:32:24,2:20:02,3:59:54,4:57:11,6:23:02,7:16:11,8:40:00,9:15:05,9:13:16,8:56,3
10,804,Herron Camille,Female,30-39,,,,1:32:11,2:23:16,4:12:00,5:13:39,6:43:04,7:31:23,8:50:03,9:21:27,9:19:01,9:02,1
11,524,Beatty Croom,Male,20-29,,,CA,1:37:40,2:28:51,4:15:52,5:15:16,6:43:05,7:31:25,8:50:19,9:22:14,9:20:29,9:03,4
12,18,Flori Cecilia,Female,30-39,,,NZL,1:37:25,2:29:22,4:16:16,5:16:36,6:45:47,7:35:59,8:55:56,9:27:22,9:25:33,9:08,2
13,471,Auston Stephanie,Female,20-29,,,AUS,1:37:51,2:29:03,4:13:37,5:15:05,6:46:01,7:36:27,8:56:36,9:31:09,9:29:17,9:11,1
14,308,Baker Loren,Male,30-39,,,CA,1:34:09,2:27:10,4:17:39,5:20:37,6:53:00,7:45:17,9:06:25,9:39:04,9:37:11,9:19,4
15,219,Hudelson Alicia,Female,30-39,,,GA,1:44:45,2:39:38,4:33:40,5:36:35,7:05:29,7:56:43,9:16:48,9:46:56,9:45:03,9:27,3
16,53,Anders Clint,Male,20-29,,,CO,1:31:00,2:20:00,4:06:09,5:07:21,6:46:05,7:41:47,9:14:20,9:48:49,9:47:00,9:29,5
17,13,Meek Jo,Female,40-49,,,GBR,1:37:27,2:29:04,4:18:31,5:20:54,6:55:44,7:48:43,9:16:43,9:49:57,9:48:05,9:29,1
18,398,Kinsella Ian,Male,30-39,,,ON,1:39:20,2:31:14,4:18:57,5:20:33,6:58:18,7:53:59,9:18:06,9:49:57,9:48:03,9:29,5
19,632,Fraga Tara,Female,20-29,,,WA,1:36:19,2:30:08,4:20:17,5:24:26,6:59:36,7:53:16,,9:50:26,9:48:38,9:30,2
20,511,Merry Adam,Male,20-29,,,CA,1:22:00,2:06:54,3:43:58,4:48:48,6:48:28,7:43:25,9:16:11,9:56:08,9:54:35,9:35,6
21,642,Vargas Mireya,Female,30-39,,,CA,,2:46:56,4:40:38,5:46:00,7:17:47,8:08:24,9:29:30,10:02:18,10:00:25,9:41,4
22,740,Blankenship Buck,Male,30-39,,,AZ,1:42:10,2:36:23,4:32:58,5:40:42,7:21:48,8:15:45,9:38:55,10:10:02,10:08:00,9:49,6
23,438,Wood Preston,Male,30-39,,,UT,1:37:25,2:27:51,4:13:14,5:17:17,7:02:28,8:04:46,9:34:35,10:11:20,10:09:13,9:50,7
24,165,Hurst Spencer,Male,30-39,,,NY,1:44:00,2:35:43,4:21:06,5:20:39,7:07:02,8:04:37,9:38:57,10:13:08,10:13:08,9:52,8
25,582,Larson Andrea,Female,30-39,,,WI,1:34:55,2:25:56,4:19:00,5:27:59,7:14:12,8:10:11,9:45:23,10:20:40,10:18:52,9:59,5
26,15,Hoechst Heather,Female,40-49,,,CO,1:44:40,2:39:22,4:34:14,5:41:35,7:20:36,8:16:11,9:46:03,10:21:50,10:19:38,10:01,2
27,533,Carr Damian,Male,30-39,,,GBR,,2:20:14,4:17:49,5:34:23,7:25:47,8:24:06,9:52:49,10:22:32,10:20:59,10:01,9
28,344,Reed Andy,Male,40-49,,,AB,1:35:04,2:25:39,4:13:31,5:16:24,7:00:01,8:01:20,9:46:49,10:23:28,10:21:40,10:02,4
29,530,Knauer Oliver,Male,20-29,,,AZ,1:32:22,2:20:33,4:08:39,5:18:46,7:00:19,8:00:12,9:42:40,10:24:47,10:22:57,10:03,7
30,12,Malcolm Corrine,Female,30-39,,,CA,1:40:12,2:34:45,4:33:19,5:43:54,7:25:44,8:24:05,9:52:06,10:25:32,10:23:44,10:04,6
31,162,Schaar Matthew,Male,30-39,,,DC,1:38:34,2:30:48,4:24:49,5:34:52,7:19:09,8:18:23,9:51:49,10:26:10,10:24:17,10:05,10
32,81,Dittman Bill,Male,30-39,,,AZ,1:42:16,2:34:35,4:30:06,5:39:39,7:26:38,8:22:24,9:54:16,10:27:46,10:25:24,10:06,11
33,449,Nanaszko Michael,Male,30-39,,,OR,,2:18:42,3:55:26,5:02:06,7:17:29,8:15:48,,10:28:08,10:26:30,10:07,12
34,628,Axelrod Matthew,Male,20-29,,,MN,1:33:58,2:25:30,4:12:52,5:17:45,7:08:58,8:18:11,10:00:04,10:38:10,10:36:22,10:16,8
35,355,Watkins Luke,Male,30-39,,,AZ,1:50:43,2:47:01,4:47:05,5:54:49,7:42:17,8:38:04,10:08:52,10:39:00,10:36:30,10:17,13
36,387,Schroeder Jason,Male,40-49,,,OR,1:45:07,2:43:53,4:41:11,5:46:40,7:30:44,8:30:35,10:09:43,10:42:45,10:40:42,10:20,5
37,365,Snow Canada Spenser,Male,30-39,,,UT,1:36:55,2:28:19,4:20:32,5:24:24,7:10:30,8:21:03,10:04:38,10:43:59,10:42:04,10:22,14
38,564,Stenger Shannon,Male,40-49,,,NE,1:42:25,2:35:40,4:39:24,5:52:09,7:40:06,8:38:32,10:11:18,10:44:23,10:42:12,10:22,6
39,477,Fisher Sam,Male,20-29,,,WA,1:58:12,2:57:49,4:53:13,5:58:04,7:41:10,8:45:23,10:15:05,10:49:17,10:46:43,10:27,9
40,105,Flowerday Crispin,Male,40-49,,,CA,1:44:54,2:42:15,4:41:16,5:51:38,7:47:07,8:42:21,10:19:02,10:53:53,10:51:30,10:31,7
41,249,Washburn Brendan,Male,30-39,,,CA,1:56:14,2:56:34,5:07:15,6:18:56,8:02:56,8:58:08,,10:58:40,10:58:40,10:36,15
42,370,Soule Ryan,Male,20-29,,,MN,1:50:59,2:51:04,4:58:34,6:07:20,7:50:22,8:43:32,10:27:31,11:01:25,10:58:40,10:38,10
43,89,Fannin Tyler,Male,30-39,,,UT,1:51:04,2:49:23,4:52:06,6:05:41,8:01:37,8:56:49,10:24:08,11:01:32,10:59:30,10:39,16
44,407,Randrup Kristina,Female,20-29,,,CA,1:38:47,2:34:45,4:34:55,5:45:10,7:34:32,8:44:03,10:26:03,11:03:08,11:01:20,10:40,3
45,649,Silva Francisco,Male,40-49,,,NV,2:01:02,3:06:02,5:54:40,7:33:46,10:28:51,11:47:51,14:26:02,11:04:09,11:02:09,10:41,8
46,64,Pappas Greg,Male,30-39,,,WA,,2:29:05,4:30:12,5:43:16,7:36:20,8:38:00,10:24:32,11:04:09,11:02:22,10:41,17
47,543,Martin Shane,Male,50-59,,,UT,1:40:28,2:37:12,4:45:39,5:54:51,7:44:31,8:47:05,10:31:42,11:04:56,11:02:28,10:42,1
48,261,Kauri Roni,Male,50-59,,,WA,1:56:48,2:58:07,5:16:33,6:30:03,8:11:39,9:06:36,10:33:36,11:06:16,11:04:12,10:43,2
49,541,Hawk Michelle,Female,50-59,,,AZ,1:55:54,2:57:44,5:06:54,6:16:04,7:57:29,8:55:26,10:29:11,11:06:53,11:04:26,10:44,1
50,581,McPherson Alison,Female,20-29,,,AB,1:58:06,2:57:21,5:01:45,6:10:15,7:54:03,8:49:54,10:29:25,11:07:43,11:04:55,10:45,4
51,562,Smith Matt,Male,40-49,,,TX,1:43:13,2:36:26,4:35:35,5:48:12,7:46:25,8:51:11,10:28:21,11:08:34,11:06:30,10:46,9
52,436,Muchna Matthew,Male,20-29,,,AZ,,2:40:37,4:46:36,5:56:13,7:43:39,8:44:10,10:31:36,11:09:53,11:07:59,10:47,11
53,227,Isabella Bennett,Male,30-39,,,MN,1:50:11,2:46:08,4:52:53,6:09:08,7:59:22,8:59:37,10:36:23,11:13:46,11:11:34,10:50,18
54,405,Brock Kenna,Female,30-39,,,CO,1:47:21,2:47:54,4:57:26,6:08:02,7:59:44,8:59:18,10:36:57,11:14:01,11:11:18,10:51,7
55,414,Grenwelge Terry,Male,40-49,,,CO,1:47:44,2:44:18,4:45:49,5:59:59,7:54:39,8:55:54,10:35:42,11:14:19,11:11:53,10:51,10
56,340,Van Zanten Hans,Male,40-49,,,MO,1:43:21,2:39:21,4:42:48,5:55:03,7:50:56,8:55:25,10:35:33,11:15:35,11:13:17,10:52,11
57,336,Mordos Elise,Female,20-29,,,NY,1:56:47,2:56:48,4:59:46,6:10:12,8:04:34,9:08:02,10:41:24,11:20:22,11:18:18,10:57,5
58,10,Baca Allison,Female,30-39,,,AZ,1:36:51,2:29:55,4:27:47,5:34:41,7:37:39,8:47:43,10:38:17,11:23:33,11:21:41,11:00,8
59,409,Kent Steven,Male,50-59,,,WA,1:45:10,2:44:00,4:49:48,6:04:22,7:58:37,9:06:08,10:48:33,11:23:37,11:21:44,11:00,3
60,496,Shalvoy Corinne,Female,30-39,,,CO,,2:51:24,4:49:53,6:02:37,7:54:14,8:54:52,10:43:46,11:25:25,11:22:45,11:02,9
61,90,Lewis Matthew,Male,20-29,,,WA,2:07:50,3:15:22,5:29:14,6:40:26,8:26:08,9:21:27,10:57:04,11:26:42,11:23:55,11:03,12
62,140,Fowler Phillip,Male,30-39,,,AUS,1:45:01,2:40:45,4:42:06,5:56:31,8:02:19,9:08:46,10:53:45,11:27:57,11:25:54,11:04,19
63,515,Guillot Thierry Maxime,Male,50-59,,,FRA,1:43:32,2:38:15,4:46:20,6:08:10,8:02:50,9:08:49,10:47:51,11:28:29,11:26:23,11:05,4
64,193,Cichosz Trevor,Male,30-39,,,WA,1:51:13,2:50:03,4:56:03,6:10:20,8:01:38,9:03:27,10:47:28,11:28:44,11:26:14,11:05,20
65,68,Garzolini Tony,Male,40-49,,,AZ,1:52:25,2:52:06,4:57:01,6:12:47,8:11:34,9:15:49,10:54:04,11:29:27,11:27:05,11:06,12
66,44,Duss Jeremy,Male,40-49,,,WI,1:38:38,2:31:50,4:36:11,5:54:11,7:59:42,9:09:24,10:54:01,11:31:10,11:29:07,11:07,13
67,578,Watts Julie,Female,30-39,,,CA,1:53:49,2:54:25,5:12:18,6:28:49,8:13:20,9:16:23,10:53:55,11:31:57,11:29:53,11:08,10
68,99,Ostaszewski Sarah,Female,20-29,,,OR,1:49:46,2:46:46,5:00:00,6:17:59,8:15:04,9:17:38,10:57:30,11:32:24,11:29:47,11:08,6
69,319,Vida Jonathon,Male,30-39,,,AB,1:44:33,2:41:12,4:51:51,6:02:22,8:01:23,9:03:25,10:53:30,11:32:42,11:30:29,11:09,21
70,204,Brady Riley,Female,20-29,,,PA,1:44:32,2:43:07,4:53:31,6:11:30,8:05:23,9:08:03,10:56:05,11:33:57,11:31:42,11:10,7
71,100,Ostaszewski Melissa,Female,20-29,,,OR,1:49:34,2:46:46,5:00:22,6:17:55,8:14:13,9:17:37,10:59:02,11:35:07,11:32:27,11:11,8
72,273,Brann Dylan,Male,30-39,,,ME,1:55:55,2:54:48,4:55:06,6:02:46,7:53:48,9:03:16,10:54:21,11:35:10,11:32:40,11:11,22
73,805,Peterson Katherine,Female,40-49,,,AB,1:56:56,2:59:42,5:06:54,6:19:06,8:17:13,9:21:02,11:03:53,11:39:41,11:39:41,11:16,3
74,302,McGrath Joseph,Male,20-29,,,AZ,1:58:08,3:11:03,5:21:39,6:32:37,8:25:23,9:23:00,11:08:26,11:41:45,11:39:08,11:17,13
75,91,Midlock Jason,Male,30-39,,,IL,1:55:01,2:54:25,5:05:30,6:27:30,8:31:01,9:35:56,11:13:41,11:47:25,11:44:06,11:23,23
76,552,Mueller Jr Roger,Male,40-49,,,AZ,1:55:52,2:55:06,5:13:57,6:37:00,8:29:26,9:35:57,11:13:40,11:47:26,11:45:18,11:23,14
77,728,England Stephen,Male,30-39,,,NY,,2:56:15,5:03:17,6:16:40,8:23:28,9:33:32,11:14:35,11:47:57,11:45:57,11:23,24
78,16,Gibson Debbie,Female,50-59,,,MT,1:51:14,2:52:23,5:03:34,6:18:57,8:13:24,9:14:47,11:07:21,11:48:12,11:46:00,11:24,2
79,209,Barkley Alex,Male,20-29,,,AZ,1:30:29,2:17:37,4:17:50,6:16:37,8:11:09,9:35:26,11:20:57,11:52:20,11:50:27,11:28,14
80,57,Swearingen Gary,Male,40-49,,,MO,2:15:48,3:24:58,5:39:01,6:52:26,8:42:23,9:41:03,11:14:33,11:52:22,11:49:39,11:28,15
81,406,Brennan Keith,Male,50-59,,,CA,1:55:10,2:58:07,5:00:03,6:13:23,8:19:09,9:28:35,11:15:10,11:53:25,11:50:43,11:29,5
82,629,Thorpe Chris,Male,40-49,,,NV,2:09:18,3:16:03,5:28:54,6:44:54,8:38:57,9:41:38,11:14:27,11:53:44,11:51:18,11:29,16
83,641,Locke Joshua,Male,40-49,,,AZ,1:55:50,2:55:06,5:12:28,6:29:52,8:27:51,9:34:57,11:13:44,11:53:45,11:50:51,11:29,17
84,206,Loo Rhonda,Female,40-49,,,AB,1:40:19,2:38:31,4:53:29,6:12:45,8:14:11,9:22:56,11:11:09,11:54:11,11:52:19,11:29,4
85,680,Dorobantu Virgil,Male,40-49,,,NV,1:46:33,2:46:37,5:05:10,6:25:46,8:21:27,9:27:06,11:14:34,11:55:23,11:53:16,11:31,18
86,327,Maher Ryan,Male,30-39,,,MO,1:49:41,2:47:29,5:01:53,6:26:02,8:29:38,9:38:23,11:17:10,11:56:00,11:53:56,11:31,25
87,585,Yonke Kaitlyn,Female,30-39,,,CO,1:46:46,2:47:52,5:03:59,6:25:02,8:26:00,9:34:09,11:16:53,11:56:53,11:55:01,11:32,11
88,328,Bahamundi Jason,Male,40-49,,,TX,1:52:23,2:52:06,5:04:38,6:25:08,8:20:56,9:30:19,11:20:31,11:57:27,11:54:24,11:33,19
89,476,Sisengrath Greg,Male,40-49,,,TX,1:55:07,2:55:30,5:02:40,6:22:55,8:20:54,9:30:18,11:20:28,11:57:28,11:54:25,11:33,20
90,741,DeGroff Sierra,Female,20-29,,,NV,1:44:43,2:41:03,4:58:59,6:22:59,8:26:42,9:35:08,11:17:54,11:58:27,11:56:23,11:34,9
91,664,Woyth Marilee,Female,30-39,,,MT,1:44:59,2:40:38,4:48:31,6:03:04,7:56:19,9:07:30,11:10:00,11:59:44,11:57:35,11:35,12
92,422,Potter Luke,Male,30-39,,,WA,2:07:16,3:12:54,5:27:04,6:41:14,8:34:01,9:38:05,11:24:08,12:00:01,11:57:08,11:35,26
93,394,Bowry Richard,Male,40-49,,,ON,1:50:41,2:46:55,4:54:41,6:17:56,8:26:46,9:36:56,11:17:35,12:00:06,11:57:26,11:35,21
94,608,Banel Paul,Male,30-39,,,CO,1:36:41,2:27:50,4:37:38,6:07:01,8:24:54,9:28:36,11:30:02,12:03:26,12:01:33,11:38,27
95,550,Schwindt Eric,Male,40-49,,,OR,1:51:31,2:50:12,5:09:17,6:32:16,8:32:36,9:38:25,11:22:31,12:04:50,12:02:42,11:40,22
96,559,Santillana Leonardo,Male,30-39,,,NV,1:50:52,2:49:12,5:03:50,6:37:39,8:54:50,10:05:15,11:31:04,12:06:11,12:03:19,11:41,28
97,576,Nataraju Sunaad,Male,30-39,,,CA,2:02:06,3:06:25,5:21:46,6:42:31,8:44:39,9:50:26,11:29:59,12:07:33,12:04:57,11:43,29
98,455,Wesolowski Jason,Male,30-39,,,WI,,2:42:51,4:55:53,6:16:21,8:13:57,9:29:47,11:26:21,12:08:16,12:06:05,11:43,30
99,539,Shebert Rachel,Female,20-29,,,CA,2:11:17,3:18:51,5:39:33,7:00:45,8:53:22,9:49:58,,12:08:24,12:05:40,11:43,10
100,644,Maremanda Sudheer,Male,40-49,,,WA,2:01:34,3:06:19,5:26:31,6:45:09,8:51:01,9:56:51,11:31:15,12:09:42,12:07:10,11:44,23
101,483,Wade Waylon,Male,40-49,,,NM,2:03:18,3:06:09,5:13:35,6:36:31,8:37:09,9:42:52,11:24:08,12:10:12,12:10:12,11:45,24
102,177,Droppo David,Male,30-39,,,CA,1:51:38,2:52:54,5:08:03,6:30:44,8:39:25,9:42:59,11:33:37,12:10:39,12:08:01,11:46,31
103,1,Byrne Tommy,Male,30-39,,,WI,,2:43:09,4:43:48,5:53:21,8:13:57,9:42:45,11:36:15,12:10:40,12:08:29,11:46,32
104,604,Hohman Rick,Male,30-39,,,OH,1:46:27,2:44:02,4:57:20,6:18:18,8:23:35,9:37:52,11:28:56,12:12:18,12:10:06,11:47,33
105,653,Fegyveresi John,Male,40-49,,,AZ,1:54:38,2:54:29,5:04:05,6:21:18,8:25:17,9:34:54,11:28:15,12:14:05,12:11:45,11:49,25
106,78,Lange John,Male,30-39,,,FL,2:13:15,3:21:21,5:42:29,6:56:58,9:00:20,9:59:04,11:38:50,12:14:33,12:11:49,11:49,34
107,474,Goudie Mandi,Female,30-39,,,BC,,3:06:17,5:22:48,6:42:02,8:46:24,9:50:27,11:34:44,12:16:28,12:16:28,11:51,13
108,218,Johnson Bertram,Male,40-49,,,VT,1:50:12,2:47:00,5:00:52,6:23:00,8:27:45,9:42:43,11:33:14,12:17:40,12:15:17,11:52,26
109,231,Brown Cinda,Female,40-49,,,CA,1:55:36,3:02:13,5:21:02,6:41:28,8:39:52,9:46:46,11:36:31,12:18:26,12:15:59,11:53,5
110,520,Baum Andrew,Male,20-29,,,UT,1:50:13,2:47:25,5:03:49,6:29:06,8:40:49,9:49:31,11:36:33,12:18:56,12:16:51,11:53,15
111,310,Barry Chris,Male,40-49,,,CA,1:57:41,2:58:53,5:18:53,6:36:47,8:40:13,9:50:08,11:37:23,12:19:04,12:16:24,11:53,27
112,478,McCullough Clay,Male,40-49,,,NC,1:51:55,2:50:22,5:08:38,6:32:28,8:42:21,9:53:16,11:43:24,12:24:20,12:21:55,11:59,28
113,364,Flanary James,Male,40-49,,,CO,1:54:31,2:56:25,5:15:16,6:37:01,8:43:20,9:52:10,11:42:05,12:24:32,12:22:03,11:59,29
114,170,Oâ€™Toole Erin,Female,30-39,,,WA,2:01:44,3:06:18,5:29:27,6:50:23,8:55:07,10:03:59,11:47:46,12:24:37,12:21:30,11:59,14
115,390,Taylor Nick,Male,30-39,,,IL,1:44:27,2:40:30,4:47:08,6:18:22,8:53:16,10:05:42,11:44:04,12:25:59,12:23:52,12:01,35
116,616,Latourette Dave,Male,50-59,,,WA,2:06:15,3:10:32,5:32:53,6:57:08,9:03:11,10:08:19,11:51:18,12:26:17,12:26:17,12:01,6
117,660,Patterson Tyler,Male,30-39,,,KS,2:00:37,3:07:24,5:19:38,6:35:10,8:44:49,9:51:18,11:45:34,12:29:41,12:27:01,12:04,36
118,339,Breznicky John,Male,30-39,,,NY,,3:10:06,5:31:36,6:54:15,9:00:16,10:08:39,,12:29:44,12:27:22,12:04,37
119,137,Clink Andy,Male,30-39,,,AZ,1:54:01,2:56:29,5:06:03,6:31:56,8:36:10,9:45:20,11:39:43,12:29:45,12:26:57,12:04,38
120,8,Fischer Katherine,Female,30-39,,,CA,2:01:27,3:06:45,5:36:12,6:54:50,8:59:15,10:01:58,11:53:05,12:30:06,12:27:25,12:04,15
121,350,Stafford Nicole,Female,30-39,,,CO,2:06:53,3:11:59,5:38:22,6:59:12,9:00:16,10:07:01,11:51:23,12:30:18,12:27:13,12:04,16
122,521,Nemechek Jeremiah,Male,30-39,,,MO,2:08:58,3:21:11,5:39:37,6:53:23,8:59:30,10:12:43,11:53:29,12:31:25,12:31:25,12:05,39
123,672,Bondurant Robert,Male,40-49,,,WA,2:04:18,3:09:26,5:26:32,6:48:14,8:51:15,10:04:43,11:47:59,12:32:21,12:29:42,12:07,30
124,359,Hess Ronald,Male,50-59,,,CA,1:54:31,2:54:36,5:13:48,6:36:11,8:38:38,9:46:02,11:43:53,12:34:02,12:31:33,12:08,7
125,701,Eitzmann Nick,Male,30-39,,,NE,1:40:59,2:36:22,4:53:55,6:26:21,8:40:37,10:04:10,11:49:29,12:35:33,12:33:25,12:10,40
126,549,Tyler Lucas,Male,30-39,,,AZ,1:41:15,2:37:35,4:43:17,6:01:20,8:02:10,9:16:29,11:33:37,12:36:33,12:34:36,12:11,41
127,689,Rifkin Jeff,Male,30-39,,,AZ,1:55:48,3:02:11,5:23:58,6:41:41,8:56:49,10:02:38,11:59:30,12:38:50,12:38:50,12:13,42
128,626,Finegan Sean,Male,40-49,,,CA,1:53:26,2:50:04,5:04:21,6:27:59,8:45:12,9:58:24,11:55:19,12:40:50,12:38:18,12:14,31
129,115,Iosa Jeff,Male,40-49,,,FL,2:12:34,3:19:54,5:42:24,7:02:51,9:05:29,10:10:04,11:57:35,12:42:42,12:39:56,12:16,32
130,721,Kern Jeffrey,Male,30-39,,,MO,1:34:24,2:31:08,4:55:48,6:21:28,8:44:57,9:58:57,11:58:56,12:43:23,12:41:41,12:17,43
131,343,Marsh Justin,Male,30-39,,,CA,1:32:57,2:24:51,4:39:27,5:56:40,8:20:11,9:32:03,11:56:51,12:44:02,12:42:08,12:18,44
132,410,Jordan Ethan,Male,40-49,,,OR,1:49:38,2:49:28,5:10:43,6:37:30,8:49:29,10:05:14,12:02:39,12:46:14,12:44:07,12:20,33
133,318,Holway Joseph,Male,20-29,,,AZ,1:44:46,2:40:36,4:53:34,6:16:33,8:26:39,9:40:17,11:53:25,12:46:38,12:44:44,12:20,16
134,500,Meier Wes,Male,30-39,,,MN,,3:04:01,5:26:28,6:46:41,8:57:07,10:05:50,12:05:33,12:46:52,12:44:17,12:20,45
135,125,Polski Daniel,Male,40-49,,,MN,2:02:21,3:04:01,5:26:21,6:46:34,8:57:04,10:05:52,12:04:05,12:46:52,12:44:18,12:20,34
136,504,Lenahan David,Male,40-49,,,MN,2:02:20,3:04:02,5:26:30,6:47:48,8:57:51,10:12:56,12:05:58,12:46:53,12:44:19,12:20,35
137,584,Yonke Brandon,Male,20-29,,,CO,1:51:20,2:52:18,5:19:04,7:00:03,9:11:44,10:34:36,12:14:46,12:47:20,12:44:16,12:21,17
138,412,O'Malley Nora,Female,30-39,,,CO,2:05:56,3:09:01,5:27:41,6:46:48,8:54:18,10:02:19,12:05:04,12:48:01,12:45:28,12:22,17
139,413,Regelson Dan,Male,30-39,,,CO,2:01:19,3:01:27,5:21:43,6:44:50,9:01:54,10:09:59,12:05:17,12:48:02,12:45:28,12:22,46
140,531,Mcnabb James,Male,30-39,,,AZ,2:08:51,3:16:21,5:49:55,7:13:11,9:23:16,10:29:15,12:12:01,12:48:05,12:44:48,12:22,47
141,236,Woodall Stephen,Male,40-49,,,AZ,1:56:59,2:58:35,5:06:56,6:21:14,8:26:24,9:38:02,11:49:15,12:48:55,12:46:22,12:22,36
142,235,Greynolds Angela,Female,30-39,,,AZ,2:02:39,3:07:35,5:26:35,6:43:08,8:49:49,9:57:35,11:49:17,12:48:55,12:45:27,12:22,18
143,403,Price Jill,Female,40-49,,,TX,2:02:12,3:06:47,5:32:18,6:56:39,9:03:46,10:08:12,12:04:01,12:49:20,12:46:44,12:23,6
144,646,Barrett Clinton,Male,40-49,,,AZ,1:49:31,2:49:46,4:53:30,6:13:57,8:45:43,10:08:40,12:08:46,12:50:34,12:48:24,12:24,37
145,442,Teeselink Kelly,Female,30-39,,,IA,2:00:44,3:07:49,5:32:32,6:56:39,9:08:45,10:19:09,12:09:57,12:50:38,12:48:12,12:24,19
146,505,Love John,Male,30-39,,,AZ,1:54:23,2:54:48,5:18:33,6:44:02,8:59:22,10:11:30,12:00:26,12:50:53,12:48:32,12:25,48
147,94,Thompson Tyler,Male,30-39,,,OK,2:02:21,3:04:49,5:22:41,6:45:32,8:51:28,10:03:04,12:00:36,12:50:55,12:50:55,12:25,49
148,356,Jay Colleen,Female,40-49,,,NC,2:06:19,3:14:45,5:50:04,7:13:23,9:18:03,10:29:04,12:09:37,12:50:56,12:48:34,12:25,7
149,174,Miller Alison,Female,40-49,,,TX,2:00:39,3:03:08,5:19:32,6:37:15,8:46:15,9:57:34,12:01:16,12:52:47,12:50:15,12:26,8
150,315,Ferguson Joshua,Male,30-39,,,MD,1:48:06,2:48:53,5:19:44,6:44:33,8:52:43,10:06:22,12:05:59,12:52:49,12:50:29,12:26,50
151,716,Loftus John,Male,60-69,,,CA,1:56:16,2:56:54,5:15:58,6:42:01,8:51:37,10:05:48,12:05:18,12:54:15,12:52:11,12:28,1
152,247,De Kort Martin,Male,40-49,,,AZ,1:56:25,2:58:51,5:21:22,6:43:50,8:56:29,10:09:36,12:08:56,12:55:03,12:52:18,12:28,38
153,801,Scobie Stephen,Male,50-59,,,NY,2:03:57,3:09:08,5:34:01,6:55:44,9:12:31,10:16:50,12:11:32,12:56:31,12:54:01,12:30,8
154,528,Mosher Jonathan,Male,50-59,,,AZ,2:06:48,3:14:49,5:47:08,7:10:02,9:19:36,10:30:34,12:18:09,12:56:55,12:54:16,12:30,9
155,589,White Reginald,Male,30-39,,,CA,1:55:26,2:57:25,5:12:05,6:36:30,8:43:59,10:10:49,12:17:19,12:58:49,12:56:09,12:32,51
156,525,Applegate Rob,Male,40-49,,,AZ,2:02:26,3:12:59,5:38:17,7:01:16,9:05:51,10:12:11,12:10:45,12:58:52,12:56:14,12:32,39
157,383,Searle Derrick,Male,40-49,,,CO,2:06:58,3:12:01,5:38:17,6:59:23,9:02:23,10:14:02,12:09:46,13:00:38,12:57:33,12:34,40
158,4,Jay Alyson,Female,40-49,,,AZ,2:08:51,3:19:54,5:46:32,7:08:10,9:20:12,10:25:46,12:21:57,13:02:17,12:59:18,12:35,9
159,637,Zmierski Ryan,Male,20-29,,,AZ,2:29:52,3:46:52,6:16:07,7:53:30,9:54:46,10:57:15,12:30:12,13:04:34,13:02:27,12:38,18
160,142,Ohm Johanna,Female,20-29,,,CA,2:00:11,3:04:09,5:30:43,6:56:26,8:59:18,10:16:24,12:14:33,13:05:59,13:03:27,12:39,11
161,434,Campbell Curtis,Male,40-49,,,BC,1:51:02,2:51:55,5:26:45,6:53:01,9:05:35,10:19:57,12:17:37,13:06:00,13:02:52,12:39,41
162,687,Oatis Doug,Male,30-39,,,CO,2:13:28,3:26:12,5:54:49,7:17:16,9:28:44,10:35:04,12:28:03,13:07:55,13:04:52,12:41,52
163,374,Dunaway Patrick,Male,40-49,,,CA,2:16:58,3:30:10,5:56:00,7:23:36,9:39:18,10:46:50,12:26:57,13:08:11,13:08:11,12:41,42
164,745,Guerard Simon,Male,30-39,,,MA,2:08:37,3:19:56,5:51:33,7:13:19,9:24:37,10:33:42,12:24:06,13:08:13,13:05:24,12:41,53
165,114,Reed Marty,Male,50-59,,,BC,2:09:54,3:21:46,5:53:34,7:22:03,9:33:25,10:38:44,12:28:42,13:09:05,13:06:28,12:42,10
166,60,Bowden Upton,Male,40-49,,,MI,1:50:26,2:49:14,5:10:33,6:40:48,8:59:13,10:16:27,12:23:59,13:09:55,13:06:49,12:43,43
167,147,Jensen Aaron,Male,40-49,,,UT,1:51:03,2:57:51,5:25:22,6:50:14,9:07:06,10:19:44,12:22:17,13:10:59,13:08:57,12:44,44
168,95,Dorame Ramon,Male,40-49,,,AZ,2:06:03,3:13:49,5:32:32,6:58:44,9:09:13,10:24:45,12:27:18,13:11:06,13:08:15,12:44,45
169,63,Burnett Lucas,Male,30-39,,,AZ,2:06:39,3:13:48,5:32:38,6:58:44,9:09:06,10:24:44,12:27:16,13:11:06,13:08:18,12:44,54
170,215,Luers Rich,Male,30-39,,,IL,1:56:07,2:59:28,5:15:26,6:41:22,9:06:50,10:29:14,12:30:52,13:12:22,13:10:12,12:45,55
171,113,Jenkins Alicia,Female,30-39,,,WA,1:56:52,3:00:16,5:28:58,6:52:18,9:03:55,10:12:42,12:12:22,13:12:53,13:09:56,12:46,20
172,502,O'Donnell Lisa,Female,30-39,,,CA,2:07:42,3:13:54,5:38:10,6:59:11,9:21:08,10:33:53,12:29:16,13:13:38,13:10:15,12:46,21
173,546,Heinz Justin,Male,20-29,,,OH,1:57:27,3:01:52,5:22:14,6:43:33,8:59:28,10:10:06,12:24:41,13:14:04,13:11:06,12:47,19
174,547,Hall William,Male,20-29,,,OH,1:57:29,3:01:44,5:22:24,6:43:35,8:59:26,10:10:09,12:24:49,13:14:05,13:11:07,12:47,20
175,742,Park Erin,Female,30-39,,,CO,2:07:11,3:17:45,5:49:58,7:10:26,9:16:00,10:29:17,12:25:53,13:14:12,13:11:07,12:47,22
176,448,Courtice Greg,Male,30-39,,,BC,2:03:21,3:08:27,5:27:11,6:52:13,9:42:33,10:53:41,12:37:04,13:14:23,13:11:44,12:47,56
177,725,Carlson Lance,Male,40-49,,,AZ,1:41:07,2:37:09,4:45:46,6:03:33,8:33:57,10:09:50,12:20:27,13:14:33,13:12:42,12:47,46
178,462,Paradise Jeff,Male,30-39,,,SC,2:09:19,3:18:26,5:49:53,7:07:59,9:13:18,10:29:14,12:20:33,13:14:35,13:14:35,12:47,57
179,389,Gnoza Stephen,Male,30-39,,,CO,1:51:15,2:51:05,5:04:56,6:33:44,8:52:41,10:15:48,12:23:14,13:16:34,13:13:59,12:49,58
180,673,Goodwin Evan,Male,30-39,,,CA,2:06:45,3:11:45,5:34:25,6:56:45,9:22:05,10:51:28,12:43:07,13:18:14,13:14:52,12:51,59
181,307,Anderson Christopher,Male,30-39,,,CO,2:20:06,3:28:58,3:45:53,7:27:29,9:46:05,10:49:49,12:36:18,13:18:19,13:15:27,12:51,60
182,517,Hirschfeld Madeline,Female,20-29,,,IN,1:52:35,3:03:14,6:05:37,7:31:30,9:45:12,10:53:06,12:39:00,13:18:56,13:16:33,12:52,12
183,346,Ignatowski Trisha,Female,20-29,,,NY,2:00:36,3:10:11,5:32:06,6:55:44,9:18:48,10:26:14,12:33:44,13:21:12,13:18:50,12:53,13
184,542,Giovanola Eric,Male,40-49,,,CA,2:07:36,3:15:13,5:42:47,7:01:49,9:10:43,10:26:58,,13:21:16,13:18:41,12:54,47
185,311,Anderson Jessica,Female,30-39,,,VA,1:58:44,3:05:16,5:44:51,7:12:49,9:30:33,10:45:57,12:38:09,13:22:16,13:19:51,12:55,23
186,351,Rebennack Eve,Female,40-49,,,AZ,2:10:10,3:19:53,5:50:14,7:12:17,9:28:46,10:43:54,12:36:31,13:22:34,13:20:01,12:55,10
187,289,Franzen Bryan,Male,20-29,,,AZ,2:08:11,3:14:37,5:38:31,7:04:17,9:21:16,10:39:48,12:39:15,13:22:54,13:22:54,12:55,21
188,591,Walor Greg,Male,20-29,,,CA,2:07:19,3:15:10,5:43:46,7:07:33,9:21:18,10:39:49,12:39:14,13:22:55,13:20:04,12:55,22
189,155,Anderson James,Male,40-49,,,AZ,2:02:35,3:06:32,5:29:10,6:55:35,9:10:24,10:25:38,12:32:02,13:23:17,13:23:17,12:56,48
190,250,Ubaldini Michael,Male,40-49,,,AZ,2:23:05,3:34:17,6:08:07,7:34:06,9:49:49,10:51:25,12:41:55,13:23:35,13:20:38,12:56,49
191,699,Warnick Rob,Male,30-39,,,AZ,1:55:38,2:56:48,5:26:38,7:09:13,9:25:31,10:39:28,12:37:15,13:23:48,13:21:26,12:56,61
192,657,Alexander Jesse,Male,50-59,,,AZ,1:50:31,2:51:34,5:15:55,6:44:05,9:04:23,10:21:45,12:31:52,13:26:43,13:24:25,12:59,11
193,298,Lisbon Adam,Male,30-39,,,CO,1:55:11,2:54:54,5:09:25,6:36:30,8:44:43,10:04:42,12:28:39,13:27:49,13:24:55,13:00,62
194,647,Olson William,Male,30-39,,,WI,1:58:55,2:58:58,5:29:34,6:56:39,9:10:30,10:25:11,12:33:21,13:28:44,13:26:25,13:01,63
195,23,Kenny Amy,Female,30-39,,,YT,2:06:53,3:12:07,5:32:50,6:58:32,9:10:33,10:25:12,12:33:20,13:28:46,13:28:46,13:01,24
196,654,Rohan Taylor,Female,20-29,,,CO,1:58:18,3:04:27,5:49:59,7:23:03,9:46:38,10:54:03,12:40:29,13:29:56,13:27:19,13:02,14
197,491,Moreno Eric,Male,30-39,,,AZ,2:10:12,3:17:28,5:49:11,7:16:19,9:37:06,10:50:15,12:49:13,13:31:34,13:28:56,13:04,64
198,180,Bell Ian,Male,30-39,,,NY,2:17:27,3:31:54,6:06:26,7:33:07,9:37:47,10:47:50,12:42:33,13:32:35,13:29:07,13:05,65
199,135,Memory Angela,Female,20-29,,,WA,2:07:18,3:15:15,5:55:11,7:27:21,9:42:39,10:51:24,12:44:59,13:34:04,13:31:07,13:06,15
200,375,Amaral Brian,Male,20-29,,,MA,2:10:51,3:17:24,5:42:21,7:01:57,9:18:14,10:33:03,12:47:33,13:34:55,13:31:58,13:07,23
201,286,Chidester Jason,Male,40-49,,,GA,,2:52:02,5:25:25,6:52:54,9:14:11,10:31:25,12:45:15,13:37:26,13:34:58,13:10,50
202,437,Shaer Kelly,Female,30-39,,,FL,2:02:02,3:11:34,5:47:17,7:15:43,9:33:21,10:49:04,12:50:46,13:38:51,13:36:08,13:11,25
203,408,Ferrante Mike,Male,40-49,,,NY,2:07:06,3:14:42,5:37:18,6:58:13,9:21:20,10:29:28,12:47:32,13:39:54,13:37:10,13:12,51
204,512,Fensterl Jaime,Female,30-39,,,OH,1:54:24,2:56:24,5:26:32,6:51:18,9:11:15,10:28:27,12:47:38,13:39:55,13:37:29,13:12,26
205,509,Caren Neal,Male,40-49,,,NC,1:56:30,2:57:57,5:24:04,6:53:52,9:09:26,10:27:28,12:47:44,13:40:17,13:37:37,13:12,52
206,433,Schellenberg Dustin,Male,30-39,,,AB,1:47:39,2:42:48,5:14:46,6:57:30,9:35:06,11:02:43,13:01:05,13:42:49,13:40:14,13:14,66
207,80,Firman Jordan,Male,20-29,,,AZ,2:03:51,3:10:56,5:37:17,7:06:21,9:26:13,10:38:11,12:54:41,13:43:24,13:39:59,13:15,24
208,175,Miller Brian,Male,40-49,,,TX,2:04:27,3:09:22,5:45:25,7:12:25,9:30:07,10:50:03,12:57:24,13:43:55,13:41:19,13:16,53
209,146,Person Brad,Male,50-59,,,AZ,2:03:09,3:09:00,5:38:13,7:07:32,9:27:15,10:41:58,12:53:07,13:44:29,13:42:11,13:16,12
210,443,Swatek Brad,Male,30-39,,,AZ,2:04:23,3:06:19,5:23:37,6:43:37,9:20:57,10:34:54,12:47:38,13:44:38,13:44:38,13:16,67
211,19,Kramer Susan,Female,50-59,,,AZ,2:03:09,3:08:58,5:38:31,7:07:34,9:27:19,10:42:30,12:53:10,13:45:02,13:42:45,13:17,3
212,463,Wolfinger Jon,Male,30-39,,,AZ,2:12:26,3:20:16,6:03:59,7:36:03,9:51:53,11:05:09,13:02:05,13:45:22,13:42:34,13:17,68
213,618,Grotenhuis John,Male,20-29,,,CO,1:51:04,2:52:43,5:17:51,6:46:21,9:14:17,10:35:46,13:01:36,13:45:45,13:43:34,13:17,25
214,736,Ma Chian,Male,40-49,,,AZ,2:12:22,3:20:14,5:57:22,7:24:31,9:50:55,11:00:18,13:03:26,13:46:19,13:43:06,13:18,54
215,54,Turley Richard,Male,40-49,,,CA,2:10:18,3:21:06,5:50:17,7:16:16,9:36:01,10:47:49,12:59:07,13:48:27,13:45:15,13:20,55
216,568,Kronenberg Tyler,Male,30-39,,,AZ,1:57:32,3:04:33,5:42:21,7:07:33,9:31:14,10:51:21,13:02:51,13:49:23,13:46:48,13:21,69
217,658,Andersen Steven,Male,20-29,,,NM,2:23:03,3:34:15,6:08:20,7:35:58,9:49:53,11:01:49,13:05:22,13:50:09,13:50:09,13:22,26
218,367,Dang Nguyen,Male,30-39,,,TX,2:12:00,3:20:47,6:04:25,7:35:49,9:50:45,11:00:08,13:04:46,13:51:19,13:48:43,13:23,70
219,527,Sokolovskyy Dmytro,Male,30-39,,,CA,1:50:48,2:50:11,5:23:27,6:50:39,9:24:40,10:44:34,13:01:29,13:51:34,13:48:55,13:23,71
220,97,Grudziak Marianna,Female,30-39,,,WV,2:14:06,3:28:17,6:03:21,7:31:22,9:49:47,11:01:50,13:09:04,13:52:45,13:52:45,13:24,27
221,560,Fall Chris,Male,50-59,,,AZ,2:14:10,3:25:04,6:00:16,7:31:02,9:51:02,11:04:07,13:09:06,13:52:46,13:52:46,13:24,13
222,388,Caballero Rosendo,Male,40-49,,,AZ,2:06:50,3:12:54,5:45:48,7:13:30,9:34:06,10:54:30,13:04:33,13:52:51,13:49:57,13:24,56
223,2,Leach Fred,Male,30-39,,,CA,1:59:57,3:07:53,5:39:56,7:11:53,9:37:11,10:54:00,13:05:53,13:53:12,13:50:47,13:25,72
224,34,Carroll Matt,Male,30-39,,,AZ,1:48:38,2:52:20,5:34:20,6:59:07,9:22:30,10:41:13,12:54:53,13:55:14,13:52:38,13:26,73
225,362,Jimenez Gonzo,Male,30-39,,,CO,1:51:24,2:52:12,5:23:01,6:50:46,9:13:00,10:52:13,13:06:29,13:56:21,13:53:35,13:28,74
226,717,Emenecker Troy,Male,30-39,,,AZ,2:20:17,3:37:20,6:22:51,7:53:44,10:07:53,11:18:37,13:14:08,13:56:58,13:56:58,13:28,75
227,56,Ewing Amy,Female,50-59,,,TX,2:08:12,3:19:38,5:49:49,7:18:45,9:34:17,10:48:02,13:02:18,13:57:44,13:54:59,13:29,4
228,688,Stugard Mark,Male,40-49,,,GA,1:58:04,3:04:04,5:40:23,7:14:31,9:35:11,10:55:31,13:14:00,13:58:50,13:55:41,13:30,57
229,281,Ramsby Ryan,Male,30-39,,,WV,1:45:04,2:42:06,5:00:29,6:34:33,9:23:52,10:56:52,13:09:11,14:00:07,13:58:06,13:31,76
230,338,Welden Riley,Male,40-49,,,AB,2:19:27,3:39:57,6:05:46,7:41:08,10:18:45,11:31:42,13:22:11,14:01:10,13:57:29,13:32,58
231,178,Clavijo Fabio,Male,40-49,,,VA,2:19:04,3:36:50,6:15:01,7:47:47,10:13:26,11:29:03,13:21:37,14:02:27,13:59:45,13:34,59
232,501,Munch Keith,Male,40-49,,,AZ,2:12:42,3:18:44,6:30:28,8:05:42,10:12:44,11:28:15,13:20:53,14:03:02,14:00:24,13:34,60
233,457,Treherne Kerri,Female,50-59,,,AB,2:11:33,3:18:51,5:59:53,7:29:01,9:42:15,10:54:00,13:08:13,14:03:15,14:00:40,13:34,5
234,29,Green Lisa,Female,30-39,,,WA,2:15:09,3:29:35,6:17:12,7:53:19,10:11:36,11:28:04,13:18:06,14:05:03,14:01:38,13:36,28
235,51,Hunter Steven,Male,40-49,,,ON,1:59:09,3:09:56,5:58:54,7:35:14,9:51:56,11:15:21,13:16:15,14:06:36,14:03:47,13:37,61
236,256,Lee Tristan,Male,40-49,,,AZ,2:09:09,3:18:01,6:00:27,7:31:49,9:53:44,11:13:08,13:20:16,14:06:53,14:04:08,13:38,62
237,61,Steger Robert,Male,30-39,,,CO,,2:49:17,5:19:10,6:47:02,9:05:01,10:26:42,13:04:32,14:07:03,14:04:57,13:38,77
238,514,Littlehales Tonya,Female,40-49,,,OR,2:08:24,3:20:06,5:59:34,7:33:08,9:50:54,11:09:15,13:25:14,14:08:30,14:05:38,13:40,11
239,510,Degroot Jeffrey,Male,40-49,,,MI,2:09:27,3:22:41,5:58:05,7:26:48,9:56:58,11:15:13,13:17:48,14:09:34,14:09:34,13:40,63
240,379,Pickett Brigid,Female,30-39,,,AZ,2:11:27,3:23:47,5:55:16,7:22:57,9:42:22,10:58:10,13:18:43,14:09:59,14:07:09,13:41,29
241,467,Keyes Tonya,Female,30-39,,,AZ,2:08:39,3:22:59,6:13:20,7:45:53,9:57:18,11:14:36,13:21:14,14:15:10,14:12:23,13:46,30
242,396,Jackson Steve,Male,30-39,,,ON,1:55:43,3:02:22,5:56:49,7:31:18,10:06:00,11:24:32,13:24:27,14:16:36,14:13:56,13:47,78
243,575,Hawkins Steve,Male,40-49,,,AZ,2:05:47,3:11:42,5:43:46,7:17:24,9:46:20,11:10:49,13:24:21,14:18:43,14:15:46,13:49,64
244,441,Couvreux Brendan,Male,30-39,,,CO,2:05:54,3:06:04,5:21:47,6:42:37,9:09:21,10:28:21,13:10:33,14:21:00,14:21:00,13:52,79
245,553,Otrok Chris,Male,40-49,,,MO,1:56:19,2:59:24,5:31:26,7:01:21,9:35:25,11:02:34,13:28:06,14:21:11,14:18:23,13:52,65
246,39,Blanchard Jessica,Female,40-49,,,WI,2:23:15,3:37:18,6:24:50,7:55:53,10:20:03,11:29:19,13:29:18,14:21:34,14:17:55,13:52,12
247,30,Tavares Curtis,Male,40-49,,,AZ,,3:20:20,6:01:48,7:35:55,10:07:26,11:18:39,13:31:16,14:23:14,14:20:34,13:53,66
248,486,Hagen Bjoern,Male,30-39,,,AZ,2:03:47,3:09:43,5:54:44,7:33:35,9:54:37,11:15:12,13:29:18,14:24:33,14:21:44,13:55,80
249,650,Trinh Linda,Female,30-39,,,ON,2:13:51,3:25:22,6:00:23,7:31:37,10:02:47,11:18:35,13:33:55,14:24:58,14:21:44,13:55,31
250,392,Service Patrick,Male,30-39,,,CA,2:08:11,3:19:07,6:06:42,7:38:25,10:02:30,11:27:40,13:41:26,14:25:09,14:20:58,13:55,81
251,662,Thro Jourdy,Male,40-49,,,AZ,2:24:02,3:39:25,6:30:39,8:01:53,10:18:50,11:29:56,13:37:49,14:25:38,14:22:28,13:56,67
252,609,Sedivy Nick,Male,20-29,,,OH,1:58:27,3:02:35,5:43:00,7:21:25,10:02:51,11:19:46,13:38:45,14:26:17,14:24:01,13:56,27
253,217,Nesbitt Elizabeth,Female,30-39,,,VT,2:18:00,3:32:05,6:25:35,7:56:48,10:18:43,11:31:40,13:35:59,14:29:07,14:26:31,13:59,32
254,123,Polson Mae,Female,30-39,,,MA,2:29:49,3:47:42,6:38:41,8:09:04,10:28:50,11:40:36,13:45:05,14:29:59,14:26:35,14:00,33
255,718,Dejonghe Bryan,Male,30-39,,,AZ,2:22:54,3:33:35,6:12:53,7:49:11,10:08:02,11:29:01,13:41:27,14:30:20,14:27:18,14:01,82
256,665,Nez Ricky,Male,40-49,,,NM,2:11:23,3:17:27,5:49:28,7:28:04,10:10:50,11:43:32,13:45:41,14:30:31,14:27:30,14:01,68
257,199,Shiflett Teresa,Female,30-39,,,MO,2:13:17,3:27:23,6:08:03,7:41:12,10:03:59,11:21:05,13:34:04,14:31:04,14:27:59,14:01,34
258,221,Pardy Robert,Male,60-69,,,CA,2:07:35,3:17:22,5:57:07,7:25:19,9:55:46,11:19:37,13:40:44,14:31:20,14:28:25,14:01,2
259,228,Brown Devin,Male,30-39,,,UT,2:21:37,3:28:25,6:08:07,7:36:04,9:50:54,11:17:51,13:35:12,14:33:10,14:29:40,14:03,83
260,615,Farahani Arya,Male,30-39,,,WA,2:00:24,3:03:57,5:33:28,7:11:08,9:35:50,11:15:46,13:32:06,14:35:17,14:32:59,14:05,84
261,506,Gibbons David,Male,30-39,,,NY,2:16:43,3:32:45,6:03:19,7:31:34,10:01:50,11:23:14,13:44:11,14:38:03,14:35:29,14:08,85
262,352,Massey Stephen,Male,30-39,,,NV,2:10:09,3:19:44,5:56:21,7:33:24,9:50:43,11:15:11,13:47:41,14:39:08,14:36:35,14:09,86
263,712,Wiest Cliff,Male,30-39,,,CA,1:54:37,2:54:48,5:34:35,7:18:46,9:44:53,11:13:04,13:36:20,14:39:21,14:36:45,14:09,87
264,220,Hemauer Mark,Male,30-39,,,CA,1:54:42,2:54:46,5:31:55,7:18:33,9:44:55,11:13:05,13:36:18,14:39:21,14:36:46,14:09,88
265,667,Cibils Gonzalo,Male,30-39,,,CA,2:00:58,3:04:04,5:25:03,6:50:44,9:38:33,11:21:56,13:44:34,14:39:27,14:36:57,14:09,89
266,599,Daniel Samantha,Female,30-39,,,CA,2:24:50,3:46:03,6:35:22,8:11:27,10:28:50,11:40:34,13:48:23,14:39:34,14:36:31,14:10,35
267,592,Butier Michael,Male,40-49,,,CA,2:17:43,3:33:22,6:27:10,7:58:07,10:24:16,11:43:24,13:52:29,14:39:56,14:36:18,14:10,69
268,58,Peine Susan,Female,40-49,,,AZ,2:24:39,3:42:03,6:31:30,7:57:19,10:23:07,11:39:16,13:52:21,14:40:59,14:37:54,14:11,13
269,439,Lewis James,Male,30-39,,,AK,2:16:39,3:25:03,6:06:24,7:36:54,10:10:12,11:22:19,13:39:46,14:41:25,14:38:17,14:11,90
270,708,Morales Michael,Male,50-59,,,OR,2:13:52,3:24:49,6:06:40,7:45:20,10:13:20,11:30:44,13:45:17,14:41:52,14:39:10,14:11,14
271,731,Music John,Male,30-39,,,NV,2:18:43,3:34:04,6:30:35,8:11:23,,11:58:52,13:59:13,14:42:16,14:38:38,14:12,91
272,131,Ha Tommy,Male,30-39,,,CA,2:21:35,3:36:39,6:08:24,7:48:47,10:04:17,11:31:24,13:53:15,14:42:22,14:39:27,14:12,92
273,671,Anderson Dustin,Male,30-39,,,AZ,2:12:00,3:20:44,6:03:15,7:41:22,10:03:50,11:24:25,13:47:07,14:45:04,14:41:53,14:14,93
274,27,Veliz Ruben,Male,40-49,,,NC,2:06:56,3:17:30,6:00:22,7:36:27,9:56:46,11:20:51,13:40:39,14:45:46,14:42:53,14:16,70
275,284,Densmore Cindy,Female,40-49,,,AB,2:09:14,3:22:17,6:17:26,8:00:37,10:32:10,11:55:45,13:59:40,14:49:45,14:46:22,14:19,14
276,72,Folkert Darrel,Male,40-49,,,CA,2:10:00,3:23:06,6:01:51,7:26:34,9:53:16,11:13:16,13:52:55,14:55:10,14:52:29,14:25,71
277,619,Jensen Brian,Male,30-39,,,NM,2:09:15,3:14:42,6:06:47,7:48:36,,11:48:05,14:05:54,14:55:34,14:55:34,14:25,94
278,192,Vince Barry,Male,50-59,,,CA,2:22:17,3:38:06,6:28:07,8:05:45,10:30:58,11:52:29,14:04:13,14:56:55,14:54:38,14:26,15
279,704,Jordan Jeffrey,Male,50-59,,,TN,2:16:54,3:33:22,6:33:54,8:05:19,10:17:30,11:40:52,13:53:41,14:57:31,14:55:03,14:26,16
280,101,Hollmann Russ,Male,40-49,,,AZ,1:35:55,2:32:29,4:42:49,6:15:57,9:42:47,10:49:08,13:53:45,14:57:42,14:55:40,14:27,72
281,494,Sorenson Steve,Male,50-59,,,MN,2:10:31,3:22:12,5:53:44,7:27:58,,12:04:02,14:14:16,14:58:44,14:56:11,14:28,17
282,536,Kostetskaya Natalya,Female,20-29,,,WA,2:18:26,3:31:05,6:14:48,7:48:37,10:21:31,11:44:35,14:11:45,15:00:06,15:00:06,14:29,16
283,20,Dube Tera,Female,40-49,,,CA,2:07:58,3:19:02,6:06:57,7:52:26,10:21:14,11:45:23,14:02:54,15:00:27,15:00:27,14:29,15
284,259,Blake Neil,Male,50-59,,,NM,2:11:37,3:30:49,6:15:00,7:45:42,10:21:59,11:40:33,14:14:43,15:01:18,14:58:37,14:31,18
285,258,Stromberg Scott,Male,30-39,,,NM,2:11:35,3:25:36,6:13:47,7:45:41,10:22:04,11:40:32,,15:01:20,14:58:39,14:31,95
286,158,Dawes Jaime,Female,40-49,,,NM,2:07:00,3:13:49,6:00:26,7:38:24,10:07:19,11:35:46,14:06:41,15:03:22,15:00:42,14:32,16
287,166,Redden Travis,Male,30-39,,,IL,2:16:19,3:24:36,6:00:10,7:28:46,9:50:49,11:43:43,,15:03:23,14:59:43,14:32,96
288,617,Padilla Guerra Jonathan,Male,30-39,,,AZ,2:28:35,3:43:46,6:32:10,8:01:43,,11:59:31,14:15:13,15:03:25,14:59:38,14:32,97
289,730,Whitmore Steph,Female,40-49,,,IA,1:57:41,3:04:50,5:58:32,7:45:46,10:19:14,11:53:35,14:15:04,15:03:34,15:01:15,14:32,17
290,207,Lee Natalie,Female,40-49,,,CA,2:14:23,3:23:27,6:09:41,7:51:36,10:27:55,11:55:43,14:16:37,15:04:06,15:00:17,14:33,18
291,427,Zavorka Lukas,Male,30-39,,,NM,2:10:17,3:17:53,6:08:02,7:52:55,10:31:16,11:56:30,14:18:13,15:04:23,15:00:54,14:33,98
292,48,Tuffelmire Michael,Male,40-49,,,MT,2:17:25,3:36:34,6:17:56,8:01:17,,11:47:59,14:10:40,15:04:23,15:01:37,14:33,73
293,303,Robeson Chris,Male,50-59,,,AZ,2:14:22,3:28:10,6:13:50,8:00:32,,11:59:30,14:24:37,15:04:49,15:02:22,14:34,19
294,452,Pang Eric,Male,20-29,,,WA,2:07:50,3:14:36,5:44:44,7:15:43,9:59:17,11:18:55,14:02:44,15:04:52,15:02:04,14:34,28
295,371,Gardner Tj,Male,40-49,,,AZ,2:03:45,3:22:33,5:53:36,7:20:52,9:53:53,11:21:12,13:59:59,15:05:01,15:02:07,14:34,74
296,492,Olson Brittany,Female,30-39,,,AZ,1:57:55,3:09:27,5:53:39,7:31:10,10:16:45,11:43:56,14:10:00,15:05:03,15:02:48,14:34,36
297,715,Horan Pete,Male,40-49,,,FL,2:11:25,3:19:34,6:18:38,7:57:38,10:28:49,11:45:37,14:09:32,15:05:50,15:02:03,14:35,75
298,182,Puetz Christoph,Male,50-59,,,CA,2:26:42,3:41:22,6:25:47,8:05:48,,11:47:41,14:09:27,15:05:53,15:02:04,14:35,20
299,611,Burgess Michaela,Female,40-49,,,CA,2:25:38,3:44:08,6:42:29,8:21:58,,12:08:55,14:14:39,15:08:26,15:04:42,14:37,19
300,334,Morrow Allison,Female,30-39,,,NY,2:16:14,3:24:57,6:08:35,7:45:46,10:18:48,11:43:03,14:11:48,15:09:45,15:09:45,14:38,37
301,154,Cho David,Male,20-29,,,WA,1:49:45,2:53:14,6:10:28,7:53:11,10:30:35,11:57:42,14:16:44,15:09:53,15:09:53,14:38,29
302,126,Polski Rachel,Female,30-39,,,MN,2:08:41,3:20:23,6:15:00,7:55:01,10:29:19,11:55:04,14:14:54,15:10:15,15:07:14,14:39,38
303,488,Fernandez Todd,Male,30-39,,,GA,2:02:45,3:11:44,5:49:55,7:20:55,10:00:18,11:25:48,14:02:27,15:10:22,15:07:39,14:39,99
304,75,Markowycz Matthew,Male,30-39,,,AZ,2:19:24,3:37:20,6:18:42,7:57:41,10:24:22,11:38:11,14:16:54,15:11:06,15:11:06,14:40,100
305,446,Neuman Tom,Male,60-69,,,UT,2:31:58,3:47:48,6:27:26,8:06:29,,11:56:27,14:18:30,15:12:08,15:12:08,14:41,3
306,326,Maynard Andrew,Male,30-39,,,CA,2:10:39,3:25:37,5:55:24,7:21:48,9:40:47,11:01:48,13:41:25,15:13:19,15:10:12,14:42,101
307,255,Evseeva Larisa,Female,40-49,,,NY,2:10:24,3:19:38,6:18:11,8:01:36,10:30:15,11:55:45,14:19:56,15:14:28,15:11:39,14:43,20
308,579,Feldman Angela,Female,40-49,,,AZ,2:28:37,3:50:26,6:46:14,8:27:02,,12:10:29,14:22:27,15:15:27,15:15:27,14:44,21
309,200,Mazur Nicholas,Male,30-39,,,AZ,2:15:47,3:34:22,6:17:03,7:53:24,,11:46:19,14:22:25,15:15:39,15:15:39,14:44,102
310,317,Wallis Dan,Male,40-49,,,NV,2:26:13,3:45:36,6:25:54,7:57:00,10:15:13,11:42:46,14:20:00,15:16:28,15:16:28,14:45,76
311,138,Makela Steve,Male,50-59,,,MN,2:09:05,3:19:37,5:59:37,7:34:02,9:58:51,11:22:55,14:06:10,15:16:40,15:14:03,14:45,21
312,681,Rasor Amy,Female,40-49,,,AZ,2:20:34,3:38:22,6:27:32,8:01:18,,12:02:24,14:19:27,15:16:45,15:13:46,14:45,22
313,519,Zavisiute Karolina,Female,20-29,,,MO,2:10:57,3:20:40,6:10:06,7:50:08,10:17:11,11:45:09,14:16:08,15:17:10,15:14:28,14:46,17
314,695,Lambert Carmen,Female,50-59,,,AB,2:14:18,3:28:02,6:15:03,7:52:35,10:26:55,11:47:35,14:16:38,15:18:40,15:15:44,14:47,6
315,696,Lambert Martin,Male,60-69,,,AB,2:14:17,3:29:15,6:15:05,7:52:35,10:26:57,11:47:38,14:16:50,15:18:42,15:15:46,14:47,4
316,130,Donahue Greg,Male,30-39,,,TX,2:24:50,3:41:18,6:35:15,8:13:05,,12:07:44,14:27:07,15:18:48,15:15:35,14:47,103
317,87,Cook Kate,Female,40-49,,,MA,2:26:37,3:48:06,6:54:33,8:32:06,,12:18:18,14:27:13,15:18:50,15:15:56,14:47,23
318,45,Leal Michael,Male,30-39,,,NC,2:06:53,3:15:30,6:14:57,7:56:50,,11:55:53,14:23:52,15:19:35,15:16:42,14:48,104
319,391,Grabowski Marc,Male,40-49,,,IL,2:41:19,4:08:55,6:54:10,8:31:15,11:07:41,12:26:16,14:28:55,15:19:57,15:16:08,14:49,77
320,354,Krisyan Vadim,Male,30-39,,,NY,2:05:03,3:19:27,6:02:35,7:40:10,10:30:22,11:59:25,14:28:03,15:21:17,15:18:07,14:50,105
321,401,Gongaju Ravi,Male,40-49,,,NY,2:31:07,3:46:01,6:18:17,7:50:09,10:28:41,11:55:41,14:20:56,15:21:19,15:21:19,14:50,78
322,400,Braun Rhonda,Female,30-39,,,NY,2:14:12,3:30:04,6:14:54,7:50:09,10:28:37,11:55:40,14:20:52,15:21:20,15:17:59,14:50,39
323,538,Wall Zack,Male,20-29,,,CA,2:23:09,3:34:11,6:13:51,7:54:22,,12:18:48,14:27:00,15:21:26,15:18:42,14:50,30
324,69,Deuchar Paul,Male,40-49,,,AZ,2:15:51,3:34:24,6:27:40,8:05:38,,11:58:19,14:19:29,15:21:30,15:21:30,14:50,79
325,293,Callahan Bob,Male,50-59,,,CA,2:21:53,3:39:34,6:31:00,8:02:37,,12:03:08,14:27:03,15:21:56,15:17:45,14:50,22
326,676,Rittgers Mary,Female,30-39,,,CO,2:27:28,3:47:55,6:40:07,8:11:30,,12:12:52,,15:22:16,15:18:27,14:50,40
327,329,Knight Randy,Male,50-59,,,IL,2:12:01,3:24:04,6:04:42,7:39:22,10:15:40,11:45:30,14:17:40,15:22:44,15:19:10,14:51,23
328,569,Day Steve,Male,40-49,,,BC,2:08:04,3:20:01,6:07:51,7:47:41,10:26:20,11:56:18,14:18:24,15:23:00,15:20:27,14:51,80
329,214,Reardon Matthew,Male,30-39,,,MA,,3:33:13,6:27:48,8:11:32,,12:05:20,14:28:45,15:23:12,15:19:24,14:52,106
330,124,Le Huy,Female,40-49,,,CA,2:29:52,3:44:24,6:40:37,8:21:46,,12:26:20,14:33:08,15:25:54,15:22:37,14:54,24
331,232,Robbins John,Male,20-29,,,UT,2:14:04,3:22:43,6:31:24,8:09:55,,11:57:25,14:29:29,15:26:18,15:26:18,14:55,31
332,234,Monsivais Samuel,Male,30-39,,,UT,2:31:00,3:43:47,6:42:24,8:18:46,,11:57:26,14:29:34,15:26:58,15:22:43,14:55,107
333,451,Scott Cara,Female,40-49,,,CA,2:32:48,4:02:39,6:57:09,8:37:14,11:16:08,12:35:02,14:42:00,15:28:34,15:28:34,14:56,25
334,297,Granstrom Matt,Male,40-49,,,WI,2:06:35,3:19:17,6:27:04,8:00:19,,12:09:13,14:38:52,15:29:17,15:26:18,14:58,81
335,450,Cacciapaglia Christopher,Male,20-29,,,WA,2:18:47,3:29:29,6:13:45,,11:00:22,12:15:49,14:30:34,15:29:25,15:26:00,14:58,32
336,291,McCabe Tyler,Male,20-29,,,AZ,2:18:49,3:29:29,6:13:20,,11:00:20,12:15:48,14:34:55,15:29:27,15:26:00,14:58,33
337,466,Melles Tucker,Male,20-29,,,ID,,3:26:23,6:13:23,,11:00:24,12:15:48,14:30:36,15:29:27,15:29:27,14:58,34
338,268,Reed Pam,Female,50-59,,,WY,2:27:12,3:43:52,6:39:49,8:13:04,,12:05:12,14:30:16,15:30:56,15:27:34,14:59,7
339,163,Schjei Kathryn,Female,40-49,,,CA,2:08:22,3:22:19,6:18:33,,,12:07:38,14:39:10,15:33:35,15:30:30,15:01,26
340,233,Corbett Michelle,Female,30-39,,,CA,2:12:59,3:29:14,6:24:34,8:02:04,,12:07:43,14:39:11,15:33:36,15:30:32,15:01,41
341,598,Astle Ron,Male,50-59,,,CA,2:12:45,3:29:41,6:19:14,,,11:57:33,14:22:23,15:33:49,15:31:11,15:02,24
342,399,DeMarsh Renee,Female,50-59,,,MA,2:15:54,3:33:21,6:23:32,8:02:58,,12:14:13,14:41:50,15:35:50,15:35:50,15:04,8
343,153,Ramirez Mario,Male,40-49,,,AZ,2:21:25,3:30:39,6:21:32,8:00:04,,12:13:52,14:31:49,15:36:58,15:36:58,15:05,82
344,37,Kysenko Volodymyr,Male,30-39,,,CA,2:42:07,4:03:17,7:08:04,8:48:41,11:17:24,12:35:03,14:41:56,15:37:06,15:33:41,15:05,108
345,129,Donahue Jessica,Female,30-39,,,TX,2:24:52,3:42:24,6:35:32,8:13:16,,12:08:26,14:39:37,15:37:32,15:34:18,15:05,42
346,304,Hill Brian,Male,40-49,,,TX,2:22:16,3:43:41,6:41:55,8:19:07,,12:25:33,14:43:18,15:37:48,15:34:56,15:05,83
347,55,Nizhegorodtsev Sergey,Male,40-49,,,NJ,2:23:35,3:36:05,6:37:52,8:24:30,,12:08:28,14:38:34,15:39:03,15:35:50,15:07,84
348,487,Schmid Steven,Male,40-49,,,IL,,3:16:36,6:14:40,8:05:26,,12:09:35,14:34:45,15:39:38,15:36:58,15:07,85
349,507,Hiom Phil,Male,40-49,,,BC,2:18:56,3:32:57,6:27:20,8:18:21,,12:28:24,14:46:22,15:39:55,15:39:55,15:08,86
350,697,Gustafson Jennifer,Female,40-49,48,,AZ,2:25:26,3:47:21,6:54:45,8:40:03,11:07:44,12:31:14,14:48:02,15:40:05,15:36:30,15:08,27
351,610,Study Matthew,Male,30-39,,,OH,1:47:08,2:47:48,5:24:18,7:20:05,9:56:44,11:27:25,14:17:44,15:42:07,15:39:54,15:10,109
352,738,Lang Bret,Male,50-59,,,CA,2:13:52,3:24:53,6:34:52,8:22:54,11:01:57,6:34:52,14:49:58,15:44:25,15:41:28,15:12,25
353,720,Nagel John,Male,50-59,,,AK,2:16:13,3:30:13,6:12:48,7:45:19,,11:59:06,14:42:33,15:44:42,15:41:33,15:12,26
354,71,Gendreau Philippe,Male,40-49,,,QC,2:14:36,3:32:52,6:35:23,8:17:05,11:09:57,12:34:14,14:54:35,15:45:14,15:42:10,15:13,87
355,24,Murray Thomas,Male,40-49,,,AZ,2:24:03,3:34:48,6:16:26,7:52:56,10:32:03,12:06:03,14:53:02,15:45:22,15:45:22,15:13,88
356,212,Shrier Jordan,Male,30-39,,,QC,2:13:32,3:24:26,6:13:37,7:58:56,10:32:04,12:07:40,14:39:12,15:45:47,15:42:28,15:13,110
357,279,Willette James,Male,50-59,,,AZ,,3:44:00,6:43:32,8:30:43,11:05:57,12:39:54,14:57:47,15:46:58,15:43:57,15:14,27
358,184,Burch Christopher,Male,40-49,,,JPN,2:15:15,3:28:56,6:30:20,8:18:37,11:06:20,12:31:14,14:53:31,15:49:44,15:46:49,15:17,89
359,185,Burch Kayoko,Female,40-49,,,JPN,2:15:15,3:28:57,6:30:30,8:18:39,11:06:17,12:31:13,14:53:34,15:49:45,15:46:49,15:17,28
360,160,Hunter Tammy,Female,50-59,,,WI,2:22:07,3:44:20,6:40:36,8:20:02,,12:19:30,14:50:15,15:49:56,15:49:56,15:17,9
361,526,Turner Dave,Male,30-39,,,AZ,2:15:51,3:34:22,6:17:00,7:53:25,,11:57:20,14:42:31,15:50:09,15:50:09,15:17,111
362,535,Alexander Susan,Female,50-59,,,AZ,2:25:47,3:51:36,6:51:30,8:32:10,11:00:25,12:16:50,14:56:28,15:50:35,15:47:12,15:18,10
363,264,Thiss Ted,Male,60-69,,,AZ,2:23:46,3:34:29,6:22:39,8:01:43,,12:13:46,14:47:37,15:50:39,15:46:46,15:18,5
364,360,Johnson Warren,Male,40-49,,,FL,2:08:55,3:19:35,6:29:08,8:14:09,,12:36:02,14:56:12,15:51:35,15:48:58,15:19,90
365,707,Zaid Jon,Male,60-69,,,CA,2:14:06,3:23:40,6:02:19,7:53:39,10:27:03,11:56:25,14:47:28,15:51:36,15:51:36,15:19,6
366,567,Pawlak Angela,Female,30-39,,,WA,2:28:46,3:48:00,6:42:38,8:20:01,,12:27:19,14:59:23,15:52:49,15:52:49,15:20,43
367,570,Paul Minda,Female,40-49,,,WA,2:28:43,3:47:58,6:42:45,8:20:12,,12:27:04,14:59:25,15:52:51,15:52:51,15:20,29
368,638,Cyphers Meaghan,Female,30-39,,,CO,2:46:56,4:17:59,7:24:21,9:02:58,11:30:48,12:48:55,14:57:41,15:52:52,15:49:01,15:20,44
369,802,Hoey Lucky,Male,30-39,,,IRL,2:12:32,3:25:53,6:38:28,8:26:13,11:24:08,12:44:31,14:58:32,15:53:03,15:50:33,15:20,112
370,468,Leong Michelle,Female,40-49,,,TX,2:14:13,3:24:55,6:15:04,7:57:31,,12:08:26,14:49:38,15:54:10,15:51:34,15:22,30
371,464,Tally Steven,Male,50-59,,,CA,1:49:49,2:50:22,5:24:41,7:04:18,10:08:21,11:46:59,,15:54:53,15:53:01,15:22,28
372,363,Raley Lindsay,Male,50-59,,,FL,2:26:12,3:43:48,6:50:15,8:38:55,11:15:57,12:39:12,14:58:06,15:55:01,15:51:50,15:22,29
373,67,Muto Matt,Male,30-39,,,IL,2:25:59,3:41:48,6:36:29,8:32:30,11:20:53,12:48:56,15:02:20,15:55:05,15:51:48,15:22,113
374,411,Heer Chad,Male,40-49,,,MN,2:24:49,3:37:49,6:28:17,8:05:51,,12:16:04,14:57:35,15:55:46,15:55:46,15:23,91
375,237,Richards Chuck,Male,40-49,,,CA,2:45:47,4:07:39,7:07:18,8:50:19,11:18:01,12:38:14,14:47:56,15:55:55,15:55:55,15:23,92
376,210,Hellings Tammy,Female,30-39,,,IL,2:25:42,3:42:06,6:47:32,8:30:56,11:06:02,12:36:51,15:00:14,15:56:07,15:52:41,15:23,45
377,176,Johnson Dean,Male,50-59,,,AB,2:03:24,3:11:52,6:00:33,7:50:33,,12:09:26,14:58:54,15:56:09,15:53:29,15:23,30
378,305,Beck Tod,Male,30-39,,,WI,,3:26:30,6:23:12,8:07:41,11:01:17,12:39:52,15:00:21,15:56:58,15:54:39,15:24,114
379,248,Ingham Ryan,Male,30-39,,,AZ,2:21:17,3:33:29,6:32:03,8:11:45,,12:11:59,14:44:47,15:56:59,15:56:59,15:24,115
380,739,Acciarito Steve,Male,50-59,,,CA,2:01:18,3:24:29,6:37:22,8:23:24,11:08:52,12:38:48,14:58:55,15:57:05,15:54:58,15:24,31
381,588,Paulin Kelley,Male,30-39,,,AZ,2:25:25,3:47:29,6:40:50,8:21:17,11:05:24,12:31:11,14:57:00,15:57:32,15:53:57,15:25,116
382,393,Schwarzbauer Alexander,Male,40-49,,,FL,2:09:55,3:31:16,6:39:41,8:27:09,11:09:07,12:37:39,15:00:13,15:59:04,15:56:39,15:26,93
383,93,Ghazi Begered,Female,40-49,,,CA,2:24:31,3:42:41,6:42:32,8:30:24,11:08:41,12:42:54,14:58:30,16:01:17,16:01:17,15:28,31
384,84,Hopkins Nicole,Female,30-39,,,NY,2:14:41,3:34:27,6:23:51,8:14:54,11:08:47,12:41:47,15:07:37,16:02:06,16:02:06,15:29,46
385,38,Hill Dan,Male,30-39,,,NM,2:25:55,3:41:21,6:40:45,8:33:13,11:22:02,12:48:53,14:58:31,16:02:48,15:58:59,15:29,117
386,301,Darmer Kevin,Male,40-49,,,HI,2:31:11,3:51:11,6:40:07,8:19:11,,12:24:34,14:59:43,16:03:02,16:03:02,15:30,94
387,661,Milander Jessica,Female,30-39,,,ID,2:25:28,3:41:19,6:39:25,8:16:59,,12:28:32,15:07:20,16:03:04,15:59:44,15:30,47
388,257,White Tim,Male,50-59,,,NM,2:09:32,3:30:34,6:35:42,8:20:20,11:05:38,12:31:21,15:01:47,16:04:30,16:01:47,15:31,32
389,456,Pham Tin,Male,50-59,,,NC,2:08:15,3:17:22,6:21:06,8:05:01,,12:19:24,,16:06:01,16:03:41,15:33,33
390,254,Hirasa Thomas,Male,50-59,,,AZ,2:15:51,3:27:02,6:13:58,8:03:36,,12:16:02,15:04:01,16:06:57,16:03:45,15:34,34
391,349,Rodgers Brian,Male,60-69,,,TX,2:16:39,3:34:21,6:40:12,8:23:40,,12:27:01,14:55:50,16:06:59,16:03:51,15:34,7
392,134,Madlener Pat,Male,50-59,,,NM,2:23:29,3:49:11,6:36:38,8:16:18,,12:18:29,14:55:31,16:07:31,16:03:54,15:34,35
393,330,Webb Steve,Male,60-69,,,CA,2:25:08,3:41:39,6:50:53,8:35:47,11:06:11,12:36:49,15:10:51,16:07:47,16:04:13,15:34,8
394,275,Davis Heather,Female,30-39,,,AB,2:23:02,3:50:28,6:57:03,8:44:19,11:28:21,13:04:42,15:16:34,16:09:15,16:09:15,15:36,48
395,572,Moffitt Julia,Female,50-59,,,IA,2:32:58,3:50:30,6:50:39,8:31:04,11:14:04,12:44:31,15:07:33,16:10:09,16:06:52,15:37,11
396,32,Freitag Andreas,Male,40-49,,,CO,2:18:58,3:41:53,6:42:38,8:22:22,11:05:05,12:37:42,15:11:52,16:10:13,16:06:52,15:37,95
397,26,Freitag Michael,Male,40-49,,,DEU,2:19:04,3:33:54,6:42:41,8:22:21,11:05:09,12:37:44,15:12:04,16:10:17,16:06:56,15:37,96
398,141,Bricker Jill,Female,40-49,,,CA,2:27:43,3:49:52,6:53:59,8:34:43,11:08:42,12:39:11,15:08:17,16:10:31,16:07:00,15:37,32
399,425,Espalin Jason,Male,40-49,,,TX,2:14:30,3:25:20,6:24:27,8:05:34,,12:11:55,14:57:18,16:11:12,16:07:59,15:38,97
400,426,Espalin Tanya,Female,30-39,,,TX,,3:25:00,6:17:19,8:05:33,,12:11:58,14:57:18,16:11:14,16:08:01,15:38,49
401,143,Studebaker John,Male,50-59,,,TX,2:20:33,3:45:50,6:41:47,8:28:02,11:16:57,12:47:28,15:17:03,16:11:45,16:08:20,15:38,36
402,421,Talattof Kamran,Male,60-69,,,AZ,2:01:38,3:19:43,6:19:41,8:09:39,11:22:21,12:59:41,15:20:45,16:13:56,16:11:33,15:40,9
403,196,Brasz Deanna,Female,20-29,,,ON,2:01:04,3:20:16,6:09:11,7:40:03,10:23:13,12:08:39,14:57:03,16:14:48,16:12:19,15:41,18
404,554,Avery Eileen,Female,40-49,,,MO,,,6:57:45,8:34:15,11:14:34,12:44:18,15:15:49,16:15:04,16:15:04,15:41,33
405,648,York Kirsten,Female,30-39,,,NV,2:41:26,4:04:22,7:04:44,8:47:34,11:23:42,12:54:02,,16:15:17,16:11:30,15:42,50
406,246,Harlan Scott,Male,50-59,,,CA,2:16:30,3:40:58,6:57:02,8:49:36,11:39:04,13:01:03,15:20:45,16:15:20,16:12:01,15:42,37
407,179,Maaske Shannon,Female,30-39,,,AZ,2:21:58,3:48:28,6:45:11,8:27:19,11:05:18,12:37:36,15:10:27,16:15:52,16:12:25,15:43,51
408,149,Prohaska Meghan,Female,30-39,,,TN,2:21:24,3:33:33,6:40:42,8:27:16,11:16:51,12:39:44,15:02:20,16:17:35,16:13:43,15:44,52
409,118,Johnson Paul,Male,60-69,,,MI,2:13:57,3:25:42,6:31:58,8:21:23,,12:31:00,15:12:19,16:17:57,16:14:57,15:44,10
410,669,Jeffrey Scott,Male,50-59,,,ON,2:35:46,4:02:29,7:23:15,9:10:57,11:46:37,13:12:34,15:25:34,16:19:30,16:15:45,15:46,38
411,529,Fluta Chris,Male,50-59,,,CO,2:10:57,3:20:23,6:13:04,8:09:41,11:00:45,12:43:57,15:21:50,16:21:42,16:18:09,15:48,39
412,472,Prosko Sandra,Female,50-59,,,AB,2:14:12,3:37:32,6:44:49,8:35:11,11:28:15,12:48:54,15:20:41,16:22:40,16:19:52,15:49,12
413,112,Houck Sabrina,Female,20-29,,,WA,2:18:16,3:28:42,6:26:49,8:16:54,11:02:08,12:29:32,15:15:05,16:22:42,16:19:37,15:49,19
414,139,Kidd Jess,Female,40-49,,,CO,2:12:46,3:20:59,6:20:11,8:07:11,,12:27:48,15:08:56,16:22:56,16:20:12,15:49,34
415,580,Savage Dan,Male,50-59,,,CA,2:29:20,3:58:14,7:06:07,9:02:59,11:47:18,13:16:14,15:35:02,16:22:58,16:19:06,15:49,40
416,636,Carlson Alex,Male,30-39,,,CO,2:02:59,3:09:56,6:23:44,8:31:28,11:15:05,12:44:35,15:10:27,16:22:58,16:20:13,15:49,118
417,377,Abramson Sarah,Female,20-29,,,CA,2:30:54,3:59:01,6:47:30,8:27:07,11:13:35,12:46:46,15:21:41,16:24:08,16:20:21,15:50,20
418,378,Bosch Ben,Male,20-29,,,CA,2:30:54,3:59:01,6:47:34,8:27:09,11:13:30,12:46:48,,16:24:08,16:20:21,15:50,35
419,296,Ortiz Anthony,Male,30-39,,,AZ,2:41:35,4:01:48,7:23:42,9:11:58,11:46:34,13:03:11,15:23:33,16:24:31,16:20:40,15:50,119
420,202,Readman Craig,Male,40-49,,,NC,2:44:32,4:15:09,7:15:38,9:05:39,11:45:57,13:15:20,15:40:54,16:24:37,16:20:51,15:51,98
421,40,Welch Josh,Male,30-39,,,AZ,2:26:55,3:42:28,6:39:52,8:19:10,11:33:38,13:01:02,15:32:08,16:26:46,16:21:35,15:53,120
422,655,Rogers Shawn,Male,30-39,,,NM,2:33:10,4:06:29,7:03:02,8:48:31,11:28:21,12:49:36,15:22:58,16:27:37,16:23:48,15:53,121
423,656,Rogers Christen,Female,30-39,,,NM,2:32:22,4:06:29,7:03:05,8:48:32,11:28:22,12:49:33,,16:27:40,16:23:51,15:53,53
424,565,Blankenship Jon,Male,40-49,,,TX,2:43:47,4:09:03,7:14:29,9:16:18,11:58:47,13:26:02,15:34:27,16:27:44,16:24:25,15:54,99
425,243,Mathis Jennifer,Female,40-49,,,AZ,2:16:47,3:40:28,6:40:33,8:28:31,11:10:44,12:51:32,15:30:02,16:28:29,16:24:54,15:55,35
426,532,Stenner Christian,Male,40-49,,,AB,2:21:59,3:45:57,6:56:05,8:55:32,11:46:23,13:09:58,15:30:02,16:29:02,16:25:32,15:55,100
427,186,Malone Candie,Female,40-49,,,CA,2:39:09,4:10:12,7:17:10,9:07:14,11:47:13,13:28:14,15:38:24,16:29:54,16:26:23,15:56,36
428,710,Chupin Cedric,Male,40-49,,,CA,2:24:53,3:43:01,6:59:14,8:54:24,11:46:23,13:12:25,15:36:31,16:30:08,16:26:50,15:56,101
429,395,Larson Dana,Female,30-39,,,WA,2:28:25,3:47:57,6:56:53,8:45:19,11:25:44,12:55:09,15:23:42,16:30:16,16:30:16,15:56,54
430,684,Star Alaina,Female,30-39,,,CA,2:43:44,4:05:36,7:09:40,8:55:47,11:25:48,12:55:10,,16:30:17,16:26:00,15:56,55
431,678,Collins Pierre,Male,50-59,,,QC,2:25:57,3:42:17,6:46:34,8:38:51,11:17:23,12:55:39,15:29:27,16:30:19,16:30:19,15:56,41
432,624,Braninburg Jody,Male,50-59,,,CA,2:50:47,4:22:14,7:38:49,9:28:37,12:08:16,13:32:07,15:37:16,16:30:26,16:26:35,15:56,42
433,493,Rajaraman Siva,Male,20-29,,,AZ,2:49:44,4:20:22,7:33:28,9:25:08,12:02:09,13:26:06,15:32:43,16:31:20,16:29:09,15:57,36
434,321,Della Bitta Matthew,Male,50-59,,,CT,2:18:05,3:32:39,6:27:29,8:10:45,,12:31:24,15:14:05,16:31:22,16:27:45,15:57,43
435,384,Conway Jennifer,Female,40-49,,,AB,2:09:04,3:25:58,6:23:29,8:07:57,,12:27:13,15:22:40,16:31:24,16:28:10,15:58,37
436,50,McTavish Bob,Male,60-69,,,CA,2:23:04,3:42:35,6:45:54,8:34:40,11:15:55,12:49:33,15:26:40,16:31:34,16:31:34,15:58,11
437,43,Bunch Daniel,Male,50-59,,,MD,2:24:01,3:39:45,6:39:22,8:26:54,11:16:54,13:07:58,,16:31:46,16:31:46,15:58,44
438,361,Dehesse Margaret,Female,60-69,,,AZ,2:27:39,3:47:22,6:56:53,8:41:42,11:19:48,12:59:20,15:36:28,16:32:05,16:28:31,15:58,1
439,183,Miller Matt,Male,50-59,,,AZ,2:30:50,3:51:35,6:54:14,8:49:23,11:49:05,13:21:24,15:40:04,16:32:48,16:32:48,15:59,45
440,262,Reed Adam,Male,30-39,,,AZ,2:17:43,3:28:59,6:42:30,8:26:59,11:04:58,12:49:28,15:29:33,16:33:35,16:30:08,15:59,122
441,613,Ligsay Edd,Male,60-69,,,CA,2:39:31,4:09:50,7:24:09,9:13:52,12:00:45,13:30:29,15:41:07,16:34:30,16:30:43,16:00,12
442,465,Hales Greg,Male,50-59,,,CA,2:23:37,3:42:17,6:50:05,8:27:23,11:20:49,12:54:51,15:38:26,16:34:35,16:32:05,16:01,46
443,79,Landrum Ian,Male,30-39,,,MO,2:17:07,3:33:36,6:31:18,8:20:21,11:16:21,12:49:51,15:28:23,16:34:48,16:32:01,16:01,123
444,733,Gibson Michele,Female,50-59,,,CA,2:47:30,4:20:13,7:38:33,9:24:56,11:53:00,13:21:49,15:38:10,16:34:49,16:31:03,16:01,13
445,323,Welch Amber,Female,30-39,,,NE,2:31:02,3:49:20,6:51:03,8:33:10,11:25:39,12:56:19,,16:35:11,16:31:34,16:01,56
446,65,West Brady,Male,20-29,,,NE,,3:49:53,6:51:06,8:33:10,11:25:36,12:56:21,15:29:13,16:35:11,16:31:35,16:01,37
447,508,Hiom Grace,Female,40-49,,,BC,2:18:55,3:41:26,6:39:17,8:21:34,11:14:59,12:59:56,15:39:50,16:35:16,16:32:01,16:01,38
448,600,Berquam Paul,Male,40-49,,,CA,2:06:42,3:17:32,6:29:26,8:32:59,11:31:25,13:13:17,15:40:55,16:36:10,16:33:08,16:02,102
449,187,Wenninghoff Kyle,Male,30-39,,,AZ,2:17:14,3:35:40,6:24:58,8:10:16,11:24:06,12:54:54,15:39:07,16:36:20,16:33:13,16:02,124
450,333,Arledge John,Male,50-59,,,CA,,3:44:19,7:08:03,9:01:58,11:58:43,13:28:38,15:44:10,16:36:53,16:33:15,16:02,47
451,556,Cartwright Jake,Male,40-49,,,ID,2:17:23,3:34:10,6:45:13,8:30:08,11:12:32,12:51:36,15:28:26,16:37:14,16:33:40,16:03,103
452,322,Rashid Terri,Female,50-59,,,AZ,2:44:12,4:11:33,7:29:53,9:19:14,11:58:49,13:21:59,15:41:59,16:37:58,16:33:59,16:04,14
453,668,King Gloria,Female,40-49,,,CA,2:24:46,3:41:57,6:50:53,8:34:06,11:14:49,12:53:00,15:35:31,16:38:04,16:35:09,16:04,39
454,634,Baca Christopher,Male,40-49,,,NM,2:36:32,4:08:49,7:15:54,9:03:01,11:47:25,13:13:49,15:35:36,16:38:51,16:34:55,16:04,104
455,111,Tanner Matt,Male,40-49,,,AZ,2:17:39,3:35:58,7:00:27,8:55:45,11:43:38,13:13:47,15:42:55,16:41:39,16:38:59,16:07,105
456,312,Van Metre Marya,Female,30-39,,,OR,2:48:39,4:19:43,7:43:13,9:29:44,12:07:57,13:32:49,15:46:09,16:42:29,16:38:42,16:08,57
457,36,Abbey Angela,Female,40-49,,,CA,2:44:54,4:17:46,7:45:08,9:31:02,12:17:04,13:42:39,15:53:27,16:42:55,16:39:07,16:08,40
458,566,Ensley Jacqueline,Female,30-39,,,KY,2:30:49,4:04:04,7:23:21,9:24:06,12:05:03,13:33:39,15:52:55,16:43:38,16:40:15,16:09,58
459,440,Smith Jenny,Female,30-39,,,CO,2:36:36,4:01:52,7:24:29,9:11:49,11:50:04,13:22:13,15:47:53,16:44:36,16:44:36,16:10,59
460,746,Sharits Robert,Male,50-59,,,CA,2:26:17,3:52:31,7:08:09,8:48:43,11:32:06,13:07:16,15:45:48,16:44:59,16:44:59,16:10,48
461,82,Cox Bryan,Male,40-49,,,MD,2:18:23,3:45:57,6:28:34,8:19:01,11:19:43,12:56:17,15:44:38,16:45:00,16:41:13,16:10,106
462,432,Blixt Heather,Female,40-49,,,AZ,2:21:43,3:39:14,6:48:43,8:35:49,11:35:49,13:16:17,15:50:22,16:45:06,16:42:36,16:11,41
463,595,Faubert Norma,Female,40-49,,,CA,2:49:37,4:21:11,7:45:31,9:28:01,12:04:03,13:33:10,15:54:24,16:45:27,16:42:21,16:11,42
464,216,Roberts David,Male,40-49,,,CA,2:36:51,4:01:51,7:30:14,9:27:04,12:09:24,13:34:31,15:49:17,16:45:39,16:41:50,16:11,107
465,252,Barkve Megan,Female,40-49,,,CA,2:36:57,4:00:21,7:16:17,9:10:20,11:57:42,13:29:41,15:48:28,16:45:49,16:42:04,16:11,43
466,285,Biggs Ron,Male,50-59,,,AB,2:23:00,3:52:40,7:05:28,9:03:17,11:53:24,13:21:15,15:51:39,16:45:54,16:45:54,16:11,49
467,283,Giacchetta Rod,Male,40-49,,,AB,2:34:06,4:00:51,7:13:46,9:08:01,12:03:05,13:30:19,15:53:26,16:45:55,16:42:07,16:11,108
468,253,Leinweber Kara,Female,40-49,,,AB,2:30:26,3:52:38,7:14:22,9:14:48,11:54:42,13:19:19,15:51:46,16:45:58,16:42:24,16:11,44
469,213,Balestrieri Dan,Male,40-49,,,MA,2:13:56,3:33:10,6:34:33,8:38:31,11:33:18,13:09:24,15:53:43,16:46:16,16:42:29,16:11,109
470,120,Langelier Felix,Male,30-39,,,QC,2:20:17,3:35:18,6:51:28,8:48:46,11:45:39,13:21:37,15:52:56,16:46:38,16:43:32,16:12,125
471,348,Clark Bradley,Male,30-39,,,AZ,2:29:18,3:48:53,6:56:54,8:45:07,11:36:00,13:00:52,15:39:19,16:46:59,16:43:55,16:13,126
472,376,Van Winkle Kimberly,Female,30-39,,,OR,2:51:35,4:19:19,7:44:42,9:28:21,12:21:09,13:46:29,15:51:48,16:47:03,16:43:22,16:13,60
473,41,Taylor Neil,Male,60-69,,,CA,2:40:19,4:05:53,7:11:27,9:05:51,11:50:25,13:22:58,15:49:28,16:47:22,16:44:06,16:13,13
474,145,Lake Stanford,Male,40-49,,,AZ,2:11:27,3:26:50,6:50:38,8:46:31,11:45:49,13:15:09,15:49:09,16:47:32,16:44:51,16:13,110
475,625,Irving Stephanie,Female,50-59,,,WA,2:15:29,3:39:20,6:48:33,8:47:29,11:47:04,13:24:57,15:58:39,16:48:07,16:45:10,16:13,15
476,132,Worden Chris,Male,40-49,,,AZ,2:38:49,4:04:27,7:32:37,9:27:45,12:09:48,13:37:17,15:53:02,16:49:37,16:45:53,16:15,111
477,722,Moctezuma Ilian,Female,50-59,,,CA,2:39:48,4:05:48,7:18:57,9:05:43,11:46:27,13:18:53,,16:49:52,16:46:03,16:15,16
478,685,Jessop Ricky,Male,40-49,,,AZ,2:26:47,4:01:08,7:05:37,8:49:57,11:34:12,13:11:49,15:51:06,16:51:39,16:49:07,16:17,112
479,269,Wilson Jeff,Male,40-49,,,NC,2:45:37,4:12:56,7:25:02,9:10:51,11:46:05,13:22:02,15:48:20,16:51:44,16:47:58,16:17,113
480,267,Wilson Catie,Female,40-49,,,NC,2:45:45,4:12:56,7:15:33,9:02:54,11:46:05,13:22:01,15:48:31,16:51:46,16:48:01,16:17,45
481,292,Stokes Richard,Male,60-69,,,OH,2:29:39,4:02:09,7:06:49,8:54:08,11:56:45,13:30:25,16:01:20,16:52:15,16:48:30,16:17,14
482,171,Watson Nicolette,Female,30-39,,,IL,2:55:04,4:29:16,7:46:06,9:40:36,12:28:00,13:52:28,16:07:38,16:52:31,16:48:33,16:17,61
483,70,Daniels Natasha,Female,50-59,,,CA,2:23:06,3:50:04,7:12:31,9:12:49,12:03:03,13:57:23,16:06:34,16:55:02,16:55:02,16:20,17
484,485,Carano Anthony,Male,40-49,,,AZ,2:55:16,4:27:41,8:00:55,9:55:16,12:26:14,13:47:34,16:06:42,16:56:02,16:52:18,16:21,114
485,368,Schendel-Dittmann Megan,Female,30-39,,,WA,2:32:08,4:02:57,7:11:54,9:06:19,12:00:20,13:39:19,,16:56:29,16:52:58,16:22,62
486,341,Forrest Ken,Male,50-59,,,CT,2:04:14,3:20:03,6:37:05,8:34:29,11:19:02,12:48:17,15:35:37,16:57:48,16:55:00,16:23,50
487,9,Melchiors Mike,Male,50-59,,,AZ,2:36:02,3:57:30,7:05:45,9:01:44,11:58:43,13:40:10,16:07:33,16:59:22,16:59:22,16:25,51
488,573,Pettinger Michele,Female,40-49,,,WA,2:43:03,4:14:04,7:40:30,9:23:29,12:16:55,13:53:28,16:13:16,17:00:50,16:57:16,16:26,46
489,109,Howell Trevor,Male,40-49,,,AK,2:16:15,3:24:39,6:14:41,8:12:27,11:18:55,13:03:38,16:16:03,17:23:35,17:20:24,16:47,115
490,737,Uriarte Joshua,Male,30-39,,,AZ,2:24:43,3:47:51,7:30:52,9:30:38,12:08:00,13:34:34,16:16:15,17:25:06,17:22:07,16:49,127
491,674,Flores Alex,Male,30-39,,,AZ,2:25:43,3:43:55,6:56:25,9:00:42,12:09:28,13:47:40,16:18:20,17:26:32,17:22:42,16:50,128
492,719,Sibley Derek,Male,40-49,,,SK,2:00:03,3:08:07,6:30:14,8:39:01,12:09:35,13:42:55,16:30:32,17:27:09,17:24:20,16:51,116
493,320,Hamlin Mark,Male,50-59,,,ON,2:23:53,3:41:50,7:02:08,9:00:28,12:06:42,13:48:13,16:20:45,17:29:23,17:25:46,16:53,52
494,52,Gonzalez Zach,Male,40-49,,,NM,2:43:41,4:01:23,7:10:50,9:10:35,12:05:56,13:55:56,16:32:02,17:33:34,17:27:48,16:58,117
495,7,Miller Doug,Male,50-59,,,CA,2:27:39,3:57:47,7:16:05,9:10:34,12:06:06,13:46:24,16:29:41,17:34:42,0:34:42,16:58,53
496,277,Elias Barbara,Female,50-59,,,AK,2:29:56,3:52:12,7:17:38,9:10:23,12:14:19,14:05:42,16:41:18,17:35:34,17:31:52,16:59,18
497,59,Salter Ethan,Male,40-49,,,CA,2:28:15,3:49:11,7:02:03,9:15:58,12:07:55,13:52:00,16:31:31,17:36:22,17:32:53,17:00,118
498,503,Christensen Adam,Male,40-49,,,UT,2:28:21,3:59:31,7:09:45,9:08:40,12:08:39,13:40:36,16:23:06,17:39:13,17:35:41,17:03,119
499,229,Pennycuff Bambi,Female,40-49,,,AZ,2:36:06,3:54:55,7:22:04,9:11:39,12:19:17,13:54:33,16:41:09,17:44:58,17:41:02,17:08,47
500,156,Mackay Jon,Male,40-49,,,CA,2:36:53,4:11:40,7:40:26,9:33:13,12:28:07,14:05:07,16:46:43,17:47:34,17:43:52,17:11,120
501,596,Phillips Joni,Female,40-49,,,CA,2:40:31,4:14:21,7:47:59,9:48:48,12:42:26,14:11:27,,17:47:49,17:44:52,17:11,48
502,5,Yorita Marissa,Female,20-29,,,CA,2:38:14,4:07:22,7:37:59,9:32:37,12:28:00,14:01:09,16:44:41,17:48:29,17:45:11,17:12,21
503,345,Grenon-Lafontaine Martine,Female,30-39,,,AB,2:25:39,3:53:12,7:22:24,9:18:21,12:21:12,13:54:17,16:47:36,17:55:21,0:55:21,17:19,63
504,85,Crawford Steven,Male,40-49,,,AZ,2:44:52,4:26:53,7:53:26,9:45:16,12:37:46,14:20:55,17:00:16,17:56:44,17:52:39,17:20,121
505,266,Hann Daniel,Male,30-39,,,AZ,2:26:03,3:55:23,7:07:05,9:03:01,12:16:06,13:58:22,16:51:41,17:59:59,0:59:59,17:23,129
506,263,Monsivais Jacob,Male,30-39,,,IL,2:31:01,3:43:44,6:42:39,8:46:10,11:58:57,13:24:58,16:42:35,18:00:29,17:56:14,17:23,130
507,290,Monsivais Anthony,Male,40-49,,,UT,2:31:01,3:43:43,6:42:39,8:46:10,12:00:03,13:25:01,16:42:27,18:00:33,17:56:18,17:23,122
508,191,Patt Steven,Male,70-79,,,CA,2:46:03,4:29:00,7:41:58,9:29:58,12:26:44,14:05:28,16:54:23,18:00:35,17:56:59,17:23,1
509,83,Saleh Mike,Male,40-49,,,NY,2:12:25,3:19:48,6:24:37,8:14:57,11:17:15,13:22:11,16:45:43,18:01:55,17:58:31,17:25,123
510,473,Grams Betsy,Female,40-49,,,MN,2:38:29,4:03:32,7:21:29,9:11:10,12:07:54,13:59:00,,18:08:38,18:05:18,17:31,49
511,481,Reither Kristin,Female,30-39,,,MN,2:38:29,,7:21:20,9:11:11,12:07:49,13:58:58,16:58:11,18:08:40,18:05:19,17:31,64
512,331,Webb Katherine,Female,30-39,,,CA,2:48:51,4:21:14,7:42:56,9:29:06,12:18:01,13:51:58,16:52:54,18:09:09,18:05:32,17:32,65
513,601,Garner Heidi,Female,40-49,,,CA,2:35:54,4:01:40,7:20:37,9:06:37,12:00:32,13:50:45,16:50:41,18:13:37,18:09:53,17:36,50
514,499,Hamel Katey,Female,40-49,,,AZ,2:55:15,4:38:29,8:01:02,9:55:15,12:46:15,14:32:25,17:01:08,18:16:19,18:12:35,17:38,51
515,150,Shaw Dan,Male,60-69,,,CO,2:18:14,3:31:49,6:33:53,8:23:22,11:25:32,13:51:19,17:01:14,18:16:19,1:16:19,17:38,15
516,726,Loveall Justin,Male,20-29,,,AZ,2:15:48,4:04:36,7:45:45,9:50:16,12:51:49,14:28:41,17:15:57,18:19:56,18:16:29,17:42,38
517,306,Davis Mary Deane,Female,50-59,,,GA,2:36:10,4:03:51,7:27:20,9:18:30,12:21:05,14:11:17,17:20:10,18:23:15,18:19:37,17:46,19
518,287,Kinaston Nola,Female,60-69,,,CA,2:37:09,4:09:13,7:38:01,9:34:10,12:39:21,14:24:27,17:14:47,18:28:10,18:24:49,17:50,2
519,458,Outridge Steven,Male,50-59,,,AZ,2:06:51,3:25:05,6:40:21,8:56:19,12:20:29,14:05:25,17:19:32,18:33:16,18:30:30,17:55,54
520,602,Garner Nate,Male,30-39,,,CA,2:31:12,3:50:58,7:08:20,9:02:59,12:00:34,13:50:46,17:13:42,18:34:33,18:30:49,17:56,131
521,271,McHugh Andrea,Female,30-39,,,VA,2:45:51,4:13:15,7:25:07,9:10:49,11:52:42,14:00:39,17:25:57,18:37:04,18:33:19,17:59,66
522,223,Mitchell Derrick,Male,40-49,,,WA,2:45:49,4:12:45,7:33:21,9:28:44,12:33:43,14:15:02,17:16:52,18:37:05,18:33:36,17:59,124
523,270,Kreuzer Ruthie,Female,30-39,,,VA,2:45:39,4:14:57,7:25:03,9:10:49,11:59:27,14:00:37,17:26:08,18:37:06,18:33:20,17:59,67
524,683,Miah Khalid,Male,40-49,,,MT,2:36:47,4:01:53,7:36:59,9:39:34,12:39:59,14:27:04,17:23:48,18:37:22,1:37:22,17:59,125
525,420,Vanderpot John,Male,50-59,,,CA,2:37:42,4:10:55,7:34:46,9:40:32,12:52:50,14:46:01,17:39:01,18:51:55,18:48:23,18:13,55
526,558,Madsen Rabeca,Female,30-39,,,NV,2:41:27,4:11:25,7:40:52,9:42:17,12:42:11,15:07:03,17:53:38,18:53:11,18:49:24,18:14,68
527,548,Davidson Nicholas,Male,30-39,,,AZ,2:27:29,3:52:34,7:27:57,9:16:00,12:40:25,14:22:23,17:22:33,18:54:00,18:50:18,18:15,132
528,342,Nail Jim,Male,40-49,,,NV,2:41:24,4:06:14,7:52:03,9:53:56,12:50:25,14:44:50,17:44:37,18:56:52,18:53:06,18:18,126
529,373,Garcia Anthony,Male,30-39,,,CA,2:44:08,4:20:05,8:04:01,10:05:57,13:07:56,14:51:12,17:45:26,19:01:40,18:57:54,18:22,133
530,278,Bassett Nicholas,Male,70-79,,,WY,2:59:04,4:36:28,8:08:23,10:05:58,13:07:51,14:51:15,17:45:29,19:01:40,18:57:24,18:22,2
531,21,Tancuan Karen,Female,40-49,,,CA,2:48:07,4:20:34,7:52:24,9:49:08,12:56:05,14:51:19,17:49:34,19:07:51,19:04:04,18:28,52
532,675,Flores Alex,Male,50-59,,,AZ,3:00:40,4:34:28,8:11:14,10:13:28,13:17:47,15:09:43,17:56:20,19:08:38,19:04:48,18:29,56
533,429,Hannon Kristen,Female,30-39,,,WA,3:00:31,4:39:47,8:20:50,10:27:28,13:45:43,15:24:07,18:00:55,19:21:27,19:17:45,18:41,69
534,551,Gonzalez Elizabeth,Female,40-49,,,TX,2:47:10,4:20:03,7:45:43,9:54:49,13:13:19,15:19:27,18:22:45,19:30:19,19:26:54,18:50,53
535,735,Holtzman Lori,Female,40-49,,,AZ,2:48:28,4:24:14,8:18:53,10:21:51,13:45:41,15:31:31,18:23:14,19:31:47,2:31:47,18:52,54
536,690,Jelenick Karen,Female,50-59,,,AZ,3:00:42,4:34:05,8:11:10,10:13:30,13:27:42,15:30:03,18:34:15,19:36:23,19:32:34,18:56,20
537,62,Richards Gary,Male,60-69,,,MA,2:27:17,4:00:54,7:46:27,9:55:27,13:28:57,15:23:59,18:23:22,19:36:59,19:33:19,18:56,16
538,198,Pruitt David,Male,20-29,,,CA,2:50:10,4:08:51,7:48:28,9:58:38,13:28:48,15:23:57,18:26:17,19:37:00,19:33:15,18:56,39
539,469,Jordan Chelsea,Female,30-39,,,AZ,2:31:34,3:57:01,7:24:34,9:45:28,13:38:40,15:58:54,19:04:35,19:50:33,19:47:42,19:10,70
540,6,Lee Kyung,Female,60-69,,,AZ,3:00:38,4:35:08,8:15:25,10:19:45,14:15:46,16:18:38,18:54:49,19:53:32,19:50:04,19:13,3
541,691,Press Ken,Male,50-59,,,CA,2:47:05,4:16:34,7:47:09,9:54:45,13:03:32,15:13:26,18:39:12,19:53:34,19:46:37,19:13,57
542,415,Stewart Jamie,Female,30-39,,,AZ,2:56:10,4:45:31,8:24:38,10:30:46,13:58:18,15:54:42,18:53:25,19:55:57,19:51:52,19:15,71
 - ,540,***** UNKNOWN COMPETITOR,,,,,,2:09:38,3:22:00,,,,,,,,,
 - ,627,Haselby Eric,Male,30-39,,,NM,2:10:22,3:28:37,,7:31:31,,,,Withdrawal,,,
 - ,240,Espenhahn Svenja,Female,30-39,,,AB,1:39:20,2:33:18,4:30:37,5:55:16,,,,Withdrawal,,,
 - ,423,Sigl Tyler,Male,30-39,,,WI,,2:08:53,4:12:11,5:39:37,,,,Withdrawal,,,
 - ,47,Orwin Walter,Male,50-59,,,OH,2:35:51,4:05:51,,,,,,Withdrawal,,,
 - ,723,Quesnell Michael,Male,20-29,,,WI,1:28:28,2:13:46,3:46:13,4:54:23,,,,Withdrawal,,,
 - ,495,Bates Becky,Female,50-59,,,BC,1:45:12,2:43:43,4:59:01,6:20:53,,,,Withdrawal,,,
 - ,251,Keller Krosby,Male,30-39,,,IL,1:43:59,2:41:06,4:59:20,6:30:10,,,,Withdrawal,,,
 - ,516,Woltering Coree,Male,20-29,,,IL,1:30:17,2:18:59,4:38:03,6:16:37,,,,Withdrawal,,,
 - ,744,Krett Adam,Male,40-49,,,WA,,,,,,,,Withdrawal,,,
 - ,316,Degrado Tim,Male,50-59,,,MN,1:52:23,2:55:14,,,,,,Withdrawal,,,
 - ,679,Peterson Robert,Male,30-39,,,CA,,2:35:49,4:53:06,6:19:40,,,,Withdrawal,,,
 - ,117,Lee Timothy,Male,40-49,,,CA,2:02:21,3:06:13,5:38:22,7:39:39,,,,Withdrawal,,,
 - ,635,Okafor Kody,Male,40-49,,,AZ,,,,,,,,Withdrawal,,,
 - ,522,Ripple Nolan,Male,20-29,,,CO,,2:31:19,4:48:41,,,,,Withdrawal,,,
 - ,17,Kelley Rachel,Female,30-39,,,NC,1:44:30,2:42:04,4:55:05,,,,,Withdrawal,,,
 - ,430,Fitzgerald None,Male,40-49,,,CA,1:43:59,2:38:15,4:29:08,5:35:54,,,,Withdrawal,,,
 - ,241,Diaz Christopher,Male,30-39,,,CA,,,,,,,,Withdrawal,,,
 - ,489,Bachmann Gemma,Female,40-49,,,CA,2:08:52,3:23:32,,,,,,Withdrawal,,,
 - ,372,Bianchi Anthony,Male,30-39,,,AZ,2:28:14,4:21:34,,,,,,Withdrawal,,,
 - ,358,Dunbar Adrienne,Female,30-39,,,AB,1:40:29,2:34:39,4:36:03,6:14:11,,,,Withdrawal,,,
 - ,729,Wagner Mike,Male,30-39,,,CO,1:36:21,2:36:11,6:04:20,,,,,Withdrawal,,,
 - ,640,Glatt Nicolas,Male,30-39,,,CO,1:35:09,2:31:23,4:25:43,6:00:27,,,,Withdrawal,,,
 - ,416,Martin Jason,Male,30-39,,,CA,1:45:27,2:42:49,5:13:05,6:43:42,,,,Withdrawal,,,
 - ,577,Torres Justin,Male,40-49,,,CA,,2:48:47,4:55:14,6:46:46,,,,Withdrawal,,,
 - ,705,Ulmer Richard,Male,50-59,,,FL,2:16:58,3:33:23,6:48:56,,,,,Withdrawal,,,
 - ,282,Stevens Bryan,Male,40-49,,,AZ,1:56:04,2:56:50,5:13:43,6:45:10,,,,Withdrawal,,,
 - ,280,Halleran Elizabeth,Female,30-39,,,AB,1:59:42,3:06:17,5:27:59,6:45:42,,,,Withdrawal,,,
 - ,353,Thompson Jennifer,Female,40-49,,,CO,2:30:09,3:55:59,6:57:00,,,,,Withdrawal,,,
 - ,11,Boulet Magdalena,Female,40-49,,,CA,1:36:53,2:32:15,,,,,,Withdrawal,,,
 - ,203,Mcdearmon Robin,Male,40-49,,,CA,2:06:51,3:29:11,,,,,,Withdrawal,,,
 - ,260,Thompson Fred,Male,40-49,,,MT,2:07:08,3:40:16,,,,,,Withdrawal,,,
 - ,211,Cordova Anna,Female,30-39,,,NC,2:43:02,4:06:50,,,,,,Withdrawal,,,
 - ,561,Bauer Keith,Male,40-49,,,CA,2:44:32,4:31:37,,,,,,Withdrawal,,,
 - ,800,Buurma Nicole,Female,30-39,,,WA,2:17:59,4:27:46,,,,,,Withdrawal,,,
 - ,435,Madson James,Male,30-39,,,AZ,2:17:00,3:28:05,,,,,,Withdrawal,,,
 - ,812,Haenschen Eric,Male,40-49,,,CO,3:33:41,0:14:11,,,,,,Withdrawal,,,
 - ,201,Taber Douglas,Male,30-39,,,NC,1:48:47,2:49:10,5:28:14,6:58:07,,,,Withdrawal,,,
 - ,272,Geib Rebeccah,Female,30-39,,,ME,1:57:36,2:59:28,5:19:26,6:43:39,,,,Withdrawal,,,
 - ,128,Rackley Erica,Female,30-39,,,CO,1:57:34,3:04:46,5:33:48,7:03:40,9:44:24,,,Withdrawal,,,
 - ,482,Chan Nathaniel,Male,20-29,,,AZ,1:43:14,2:38:17,4:33:18,6:07:42,,,,Withdrawal,,,
 - ,631,Deuermeyer Joshua,Male,40-49,,,NV,2:09:19,3:15:17,6:17:26,8:12:34,,,,Withdrawal,,,
 - ,133,Dickason Benjamin,Male,30-39,,,CO,,2:55:16,5:26:57,6:58:54,,,,Withdrawal,,,
 - ,563,Longson Sam,Male,30-39,,,NV,2:01:26,3:07:16,5:32:37,7:19:16,,,,Withdrawal,,,
 - ,25,Clendenning Jason,Male,40-49,,,CA,2:08:23,3:23:15,6:21:51,8:03:23,,,,Withdrawal,,,
 - ,444,Konieczka David,Male,40-49,,,WI,2:12:59,3:29:46,6:27:03,8:15:13,,,,Withdrawal,,,
 - ,445,Barnard Bob,Male,50-59,,,NJ,2:41:28,4:17:11,8:12:53,,,,,Withdrawal,,,
 - ,813,Hansen Nick,Male,40-49,,,MN,2:47:12,4:16:12,8:23:37,,,,,Withdrawal,,,
 - ,369,Canning Joshua,Male,30-39,,,AZ,2:16:49,3:44:05,6:40:47,8:35:16,,,,Withdrawal,,,
 - ,523,Pogue Luke,Male,40-49,,,AZ,2:15:55,3:25:15,6:27:37,8:33:10,,,,Withdrawal,,,
 - ,497,Thompson Nick,Male,30-39,,,AZ,2:12:44,3:18:44,6:30:29,8:26:12,,,,Withdrawal,,,
 - ,324,Crisman Paul,Male,40-49,,,NE,2:31:01,3:49:19,7:12:24,9:12:15,,,,Withdrawal,,,
 - ,453,Richie Todd,Male,50-59,,,AZ,2:18:17,3:37:30,6:39:17,8:35:21,,,,Withdrawal,,,
 - ,402,Toner Emmet,Male,30-39,,,NY,2:12:10,3:22:54,6:37:56,8:29:24,,,,Withdrawal,,,
 - ,224,Zeller Jared,Male,40-49,,,AZ,2:24:33,3:41:44,7:21:01,9:46:38,,,,Withdrawal,,,
 - ,294,Eissler Brad,Male,40-49,,,IL,2:21:04,3:33:50,6:35:03,8:24:13,,,,Withdrawal,,,
 - ,49,Schlenk Richard,Male,50-59,,,OH,2:24:35,3:58:40,7:12:13,9:16:51,,,,Withdrawal,,,
 - ,116,Voytov Alex,Male,50-59,,,CA,2:31:13,4:03:36,7:31:15,9:39:01,,,,Withdrawal,,,
 - ,663,Loud Derrick,Male,30-39,,,AZ,2:16:34,3:44:34,7:23:26,9:25:03,,,,Withdrawal,,,
 - ,593,Reid Stephanie,Female,40-49,,,AZ,2:49:18,4:12:36,7:49:34,9:39:16,,,,Withdrawal,,,
 - ,586,Thomas Hilary,Female,40-49,,,AB,2:38:09,4:14:56,7:54:05,9:53:53,,,,Withdrawal,,,
 - ,76,Graciano Candice,Female,30-39,,,NJ,2:34:57,4:09:44,7:59:47,10:01:49,,,,Withdrawal,,,
 - ,77,Graciano Michael,Male,30-39,,,NJ,2:34:51,4:09:45,7:59:45,10:01:48,,,,Withdrawal,,,
 - ,545,Bauer Alicia,Female,40-49,,,CA,2:47:02,4:25:08,8:11:03,10:35:39,,,,Withdrawal,,,
 - ,714,Mayberry Jeremy,Male,40-49,,,AZ,2:35:04,4:26:29,8:14:45,10:35:38,,,,Withdrawal,,,
 - ,239,Hoffman Tom,Male,50-59,,,AZ,2:57:46,4:34:11,8:27:07,10:28:53,,,,Withdrawal,,,
 - ,583,Spencer Todd,Male,30-39,,,AZ,2:47:26,4:18:57,7:53:24,10:19:08,,,,Withdrawal,,,
 - ,3,Rosenberg Hal,Male,40-49,,,CA,2:19:07,3:39:00,6:57:07,9:24:47,,,,Withdrawal,,,
 - ,490,Gamlen Tyler,Male,30-39,,,CA,1:55:30,3:03:53,5:29:31,7:31:18,,,,Withdrawal,,,
 - ,242,Ballew Jason,Male,40-49,,,AZ,2:06:30,3:19:09,6:34:50,8:18:21,,,,Withdrawal,,,
 - ,706,Davis Jesse,Male,30-39,,,IN,1:26:14,2:13:47,4:01:37,5:03:09,7:21:23,8:58:28,,Withdrawal,,,
 - ,148,Hann Matthew,Male,30-39,,,AZ,2:17:14,3:35:36,6:24:53,8:13:00,,,,Withdrawal,,,
 - ,639,Dorantes Rene,Male,40-49,,,CA,1:30:59,2:19:06,4:08:13,5:17:33,7:15:59,9:02:40,,Withdrawal,,,
 - ,454,Wesolowski Jenny,Female,30-39,,,WI,2:25:28,3:45:19,7:15:05,9:36:54,,,,Withdrawal,,,
 - ,555,Truitt Tim,Male,40-49,,,AZ,3:26:05,5:08:36,9:56:40,,,,,Withdrawal,,,
 - ,711,Cummings Doug,Male,50-59,,,AZ,2:59:02,4:37:44,8:30:45,10:41:18,,,,Withdrawal,,,
 - ,594,Reid Jonathan,Male,40-49,,,AZ,2:58:44,4:39:15,8:18:42,10:51:07,,,,Withdrawal,,,
 - ,694,Cooper Lauren,Female,60-69,,,CA,3:25:58,5:13:27,9:14:49,11:51:13,,,,Withdrawal,,,
 - ,274,Gordon Tony,Male,50-59,,,AB,2:30:25,3:51:20,7:14:22,9:48:07,,,,Withdrawal,,,
 - ,622,Galioni Orion,Male,30-39,,,CA,1:35:44,2:28:52,4:21:00,5:39:45,8:19:02,10:35:41,,Withdrawal,,,
 - ,366,Krueger Nicholas,Male,30-39,,,CO,2:07:20,3:19:23,5:41:22,7:10:01,9:57:08,,,Withdrawal,,,
 - ,606,Yerden David,Male,60-69,,,GA,2:22:33,3:34:19,6:11:12,7:49:36,,,,Withdrawal,,,
 - ,167,Pennington Chase,Male,30-39,,,WA,2:15:08,3:28:50,6:26:06,7:58:19,,,,Withdrawal,,,
 - ,380,Kraska Matthew,Male,20-29,,,FL,2:18:47,3:28:36,6:14:12,,11:00:18,,,Withdrawal,,,
 - ,385,Babich Jacob,Male,30-39,,,NM,1:55:08,2:55:15,5:22:53,6:57:58,9:30:22,10:54:42,,Withdrawal,,,
 - ,288,DeVore Laurel,Female,30-39,,,CO,1:49:59,2:54:22,5:43:43,7:21:20,,,,Withdrawal,,,
 - ,480,Dyer Rebecca,Female,20-29,,,NC,3:27:49,5:34:09,11:10:34,,,,,Withdrawal,,,
 - ,144,Whalen John,Male,50-59,,,WA,3:24:08,5:27:49,11:10:28,,,,,Withdrawal,,,
 - ,590,Brayton Matt,Male,50-59,,,CA,2:24:39,3:56:21,,,,,,Withdrawal,,,
 - ,86,Zimmer JÃ¶rgen,Male,50-59,,,DEU,2:02:13,3:11:58,6:40:24,,,,,Withdrawal,,,
 - ,28,Ortiz Anne,Female,40-49,,,AZ,2:14:17,3:26:35,6:03:25,7:35:38,10:10:55,11:50:04,,Withdrawal,,,
 - ,623,Robbins Mark,Male,40-49,,,UT,2:13:15,3:23:10,6:31:23,8:18:42,11:17:33,,,Withdrawal,,,
 - ,299,Comeaux Ellen,Female,40-49,,,GA,2:38:57,4:07:27,7:27:11,9:16:44,12:34:44,,,Withdrawal,,,
 - ,300,Girard Chris,Male,50-59,,,GA,2:38:57,4:07:27,7:27:12,9:25:29,12:34:47,,,Withdrawal,,,
 - ,98,Smithson John,Male,60-69,,,AZ,3:13:25,5:04:03,9:23:26,12:37:30,,,,Withdrawal,,,
 - ,122,Dewitt Tony,Male,30-39,,,IN,,,,,,,,Withdrawal,,,
 - ,42,Finley Leonard,Male,40-49,,,MD,2:51:51,4:33:02,7:36:31,9:25:38,12:41:06,,,Withdrawal,,,
 - ,587,Milliken Ryan,Male,40-49,,,AZ,2:10:12,3:30:43,7:03:41,8:54:32,,13:18:21,,Withdrawal,,,
 - ,46,Slick Colleen,Female,50-59,,,CA,2:31:29,4:01:35,7:11:59,9:02:57,11:50:23,13:41:15,,Withdrawal,,,
 - ,603,Egosque Bridgit,Female,30-39,,,AZ,2:24:37,3:48:40,6:56:50,8:46:08,11:59:32,13:58:19,,Withdrawal,,,
 - ,597,Astle Leslie,Female,50-59,,,CA,2:49:08,4:27:00,8:08:24,10:20:36,13:33:40,15:32:41,,Withdrawal,,,
 - ,244,Eaton Pam,Female,30-39,,,VT,2:34:35,4:11:42,7:44:28,9:49:21,14:33:18,,,Withdrawal,,,
 - ,417,Dabler Craig,Male,50-59,,,AZ,2:47:58,4:22:23,8:16:32,10:40:01,14:46:21,,,Withdrawal,,,
 - ,226,Post Maggie Lee,Female,30-39,,,CA,2:52:59,4:29:36,8:23:54,10:29:06,14:46:11,16:32:11,,Withdrawal,,,
 - ,460,Hammock Bradford,Male,40-49,,,NV,2:19:51,3:37:55,8:37:36,10:45:58,14:44:53,,,Withdrawal,,,
 - ,164,Donahue James,Male,50-59,,,IL,2:42:19,4:20:49,8:14:49,10:35:20,15:35:07,,,Withdrawal,,,
 - ,295,Garcia Ivonne,Female,30-39,,,CA,2:30:03,4:12:52,7:32:19,9:43:17,13:27:03,15:44:49,,Withdrawal,,,
 - ,127,Primozic Kathleen,Female,50-59,,,CA,2:49:08,4:22:11,7:47:57,9:42:25,13:35:47,16:01:57,,Withdrawal,,,
 - ,222,Hoover Lauren,Female,20-29,,,AZ,2:41:11,3:54:49,7:29:54,9:44:54,13:35:54,16:28:12,,Withdrawal,,,
 - ,479,Dyer Sharleen,Female,40-49,,,IL,3:06:59,4:50:47,8:43:04,10:47:16,14:33:53,16:31:18,,Withdrawal,,,
 - ,419,Blukis Gordon,Male,30-39,,,AZ,2:21:40,4:47:28,8:21:47,10:36:17,14:33:34,16:42:12,,Withdrawal,,,
 - ,612,Ashe Barbara,Female,70-79,,,CA,3:10:30,4:54:46,8:39:40,10:37:10,13:52:46,15:52:45,,Withdrawal,,,
 - ,630,Midgett Mandy,Female,40-49,,,AZ,2:46:14,4:32:21,8:17:33,10:38:14,14:15:47,16:21:23,,Withdrawal,,,
 - ,557,Klimowski Brian,Male,50-59,,,AZ,2:40:59,4:07:45,7:24:04,9:15:13,12:39:52,,,Withdrawal,,,
 - ,31,Trepanier Aimee,Female,30-39,,,SC,2:29:26,3:48:05,6:59:45,8:56:41,12:40:52,,,Withdrawal,,,
 - ,172,Garcia Jessica,Female,30-39,,,WI,2:02:25,3:16:33,6:26:59,8:20:50,11:05:20,12:43:11,,Withdrawal,,,
 - ,428,Hansel Guillaume,Male,20-29,,,CA,1:28:07,2:16:38,3:55:08,4:58:49,,,,Withdrawal,,,
 - ,633,Kean Thomas,Male,20-29,,,WA,1:28:39,2:17:31,4:01:03,5:15:39,,,,Withdrawal,,,
 - ,108,Gomez Luis,Male,30-39,,,FL,2:05:50,3:13:52,5:50:19,7:26:57,,,,Withdrawal,,,
 - ,693,Chase Jody,Female,50-59,,,CA,2:07:57,3:20:21,6:06:53,7:52:27,,,,Withdrawal,,,
 - ,620,Stueben Jacob,Male,20-29,,,AZ,2:17:21,3:26:50,6:20:16,8:09:33,,,,Withdrawal,,,
 - ,424,Nave Brittany,Female,30-39,,,NC,2:31:22,3:57:16,7:37:31,11:18:57,,,,Withdrawal,,,
 - ,190,Howley Patrick,Male,60-69,,,AZ,2:28:00,3:55:16,7:35:45,9:47:21,13:24:48,15:38:29,,Withdrawal,,,